Year,Country,Life Expetancy
01/01/1980,Albania,70
01/01/1980,Algeria,58
01/01/1980,Argentina,69
01/01/1980,Australia,74
01/01/1980,Austria,73
01/01/1980,Bahrain,70
01/01/1980,Barbados,68
01/01/1980,Belgium,73
01/01/1980,Belize,70
01/01/1980,Bolivia,52
01/01/1980,Botswana,61
01/01/1980,Brazil,63
01/01/1980,Brunei,71
01/01/1980,Bulgaria,71
01/01/1980,Canada,75
01/01/1980,Chile,69
01/01/1980,China,67
01/01/1980,Colombia,66
01/01/1980,Costa Rica,72
01/01/1980,Cuba,74
01/01/1980,Cyprus,75
01/01/1980,Denmark,74
01/01/1980,Dominican Rep.,63
01/01/1980,Ecuador,63
01/01/1980,Egypt,58
01/01/1980,El Salvador,57
01/01/1980,Fiji,63
01/01/1980,Finland,73
01/01/1980,France,74
01/01/1980,Gabon,55
01/01/1980,Germany,73
01/01/1980,Greece,74
01/01/1980,Guatemala,57
01/01/1980,Guyana,61
01/01/1980,Honduras,60
01/01/1980,Hong Kong,75
01/01/1980,Hungary,69
01/01/1980,Iceland,77
01/01/1980,Indonesia,59
01/01/1980,Iran,54
01/01/1980,Iraq,60
01/01/1980,Ireland,72
01/01/1980,Israel,74
01/01/1980,Italy,74
01/01/1980,Jamaica,71
01/01/1980,Japan,76
01/01/1980,Jordan,66
01/01/1980,Kuwait,69
01/01/1980,Luxembourg,72
01/01/1980,Malaysia,68
01/01/1980,Malta,73
01/01/1980,Mauritius,67
01/01/1980,Mexico,67
01/01/1980,Mongolia,57
01/01/1980,Namibia,58
01/01/1980,Netherlands,76
01/01/1980,New Zealand,73
01/01/1980,Norway,76
01/01/1980,Panama,70
01/01/1980,Paraguay,67
01/01/1980,Peru,60
01/01/1980,Philippines,62
01/01/1980,Poland,71
01/01/1980,Portugal,71
01/01/1980,Qatar,73
01/01/1980,Romania,70
01/01/1980,Saudi Arabia,63
01/01/1980,South Africa,57
01/01/1980,South Korea,66
01/01/1980,Spain,75
01/01/1980,Sri Lanka,68
01/01/1980,Sweden,76
01/01/1980,Switzerland,76
01/01/1980,Thailand,64
01/01/1980,Tonga,67
01/01/1980,Trinidad Tobago,67
01/01/1980,Tunisia,62
01/01/1980,Turkey,59
01/01/1980,UAE,68
01/01/1980,United Kingdom,74
01/01/1980,United States,74
01/01/1980,Uruguay,70
01/01/1980,Venezuela,68
01/01/1980,Vietnam,68
01/01/1981,Albania,70
01/01/1981,Algeria,60
01/01/1981,Argentina,70
01/01/1981,Australia,75
01/01/1981,Austria,73
01/01/1981,Bahrain,70
01/01/1981,Barbados,69
01/01/1981,Belgium,73
01/01/1981,Belize,70
01/01/1981,Bolivia,53
01/01/1981,Botswana,61
01/01/1981,Brazil,63
01/01/1981,Brunei,71
01/01/1981,Bulgaria,71
01/01/1981,Canada,75
01/01/1981,Chile,70
01/01/1981,China,67
01/01/1981,Colombia,66
01/01/1981,Costa Rica,73
01/01/1981,Cuba,74
01/01/1981,Cyprus,75
01/01/1981,Denmark,74
01/01/1981,Dominican Rep.,63
01/01/1981,Ecuador,64
01/01/1981,Egypt,59
01/01/1981,El Salvador,57
01/01/1981,Fiji,63
01/01/1981,Finland,74
01/01/1981,France,74
01/01/1981,Gabon,56
01/01/1981,Germany,73
01/01/1981,Greece,74
01/01/1981,Guatemala,58
01/01/1981,Guyana,61
01/01/1981,Honduras,60
01/01/1981,Hong Kong,75
01/01/1981,Hungary,69
01/01/1981,Iceland,77
01/01/1981,Indonesia,59
01/01/1981,Iran,53
01/01/1981,Iraq,60
01/01/1981,Ireland,73
01/01/1981,Israel,74
01/01/1981,Italy,74
01/01/1981,Jamaica,71
01/01/1981,Japan,77
01/01/1981,Jordan,67
01/01/1981,Kuwait,70
01/01/1981,Luxembourg,72
01/01/1981,Malaysia,68
01/01/1981,Malta,73
01/01/1981,Mauritius,67
01/01/1981,Mexico,67
01/01/1981,Mongolia,57
01/01/1981,Namibia,58
01/01/1981,Netherlands,76
01/01/1981,New Zealand,73
01/01/1981,Norway,76
01/01/1981,Panama,71
01/01/1981,Paraguay,67
01/01/1981,Peru,61
01/01/1981,Philippines,62
01/01/1981,Poland,71
01/01/1981,Portugal,72
01/01/1981,Qatar,73
01/01/1981,Romania,70
01/01/1981,Saudi Arabia,64
01/01/1981,South Africa,58
01/01/1981,South Korea,67
01/01/1981,Spain,75
01/01/1981,Sri Lanka,69
01/01/1981,Sweden,76
01/01/1981,Switzerland,76
01/01/1981,Thailand,65
01/01/1981,Tonga,68
01/01/1981,Trinidad Tobago,67
01/01/1981,Tunisia,63
01/01/1981,Turkey,59
01/01/1981,UAE,68
01/01/1981,United Kingdom,74
01/01/1981,United States,74
01/01/1981,Uruguay,71
01/01/1981,Venezuela,68
01/01/1981,Vietnam,68
01/01/1982,Albania,71
01/01/1982,Algeria,61
01/01/1982,Argentina,70
01/01/1982,Australia,75
01/01/1982,Austria,73
01/01/1982,Bahrain,70
01/01/1982,Barbados,69
01/01/1982,Belgium,74
01/01/1982,Belize,70
01/01/1982,Bolivia,54
01/01/1982,Botswana,62
01/01/1982,Brazil,63
01/01/1982,Brunei,71
01/01/1982,Bulgaria,71
01/01/1982,Canada,76
01/01/1982,Chile,70
01/01/1982,China,68
01/01/1982,Colombia,67
01/01/1982,Costa Rica,73
01/01/1982,Cuba,74
01/01/1982,Cyprus,75
01/01/1982,Denmark,74
01/01/1982,Dominican Rep.,64
01/01/1982,Ecuador,64
01/01/1982,Egypt,60
01/01/1982,El Salvador,57
01/01/1982,Fiji,64
01/01/1982,Finland,74
01/01/1982,France,75
01/01/1982,Gabon,57
01/01/1982,Germany,74
01/01/1982,Greece,74
01/01/1982,Guatemala,58
01/01/1982,Guyana,61
01/01/1982,Honduras,61
01/01/1982,Hong Kong,75
01/01/1982,Hungary,69
01/01/1982,Iceland,77
01/01/1982,Indonesia,60
01/01/1982,Iran,53
01/01/1982,Iraq,60
01/01/1982,Ireland,73
01/01/1982,Israel,75
01/01/1982,Italy,75
01/01/1982,Jamaica,71
01/01/1982,Japan,77
01/01/1982,Jordan,67
01/01/1982,Kuwait,70
01/01/1982,Luxembourg,73
01/01/1982,Malaysia,69
01/01/1982,Malta,73
01/01/1982,Mauritius,68
01/01/1982,Mexico,68
01/01/1982,Mongolia,57
01/01/1982,Namibia,59
01/01/1982,Netherlands,76
01/01/1982,New Zealand,74
01/01/1982,Norway,76
01/01/1982,Panama,71
01/01/1982,Paraguay,67
01/01/1982,Peru,61
01/01/1982,Philippines,63
01/01/1982,Poland,71
01/01/1982,Portugal,72
01/01/1982,Qatar,73
01/01/1982,Romania,70
01/01/1982,Saudi Arabia,65
01/01/1982,South Africa,58
01/01/1982,South Korea,67
01/01/1982,Spain,76
01/01/1982,Sri Lanka,69
01/01/1982,Sweden,76
01/01/1982,Switzerland,76
01/01/1982,Thailand,65
01/01/1982,Tonga,68
01/01/1982,Trinidad Tobago,67
01/01/1982,Tunisia,64
01/01/1982,Turkey,60
01/01/1982,UAE,69
01/01/1982,United Kingdom,74
01/01/1982,United States,74
01/01/1982,Uruguay,71
01/01/1982,Venezuela,69
01/01/1982,Vietnam,68
01/01/1983,Albania,71
01/01/1983,Algeria,62
01/01/1983,Argentina,70
01/01/1983,Australia,75
01/01/1983,Austria,73
01/01/1983,Bahrain,71
01/01/1983,Barbados,69
01/01/1983,Belgium,74
01/01/1983,Belize,71
01/01/1983,Bolivia,54
01/01/1983,Botswana,62
01/01/1983,Brazil,64
01/01/1983,Brunei,72
01/01/1983,Bulgaria,71
01/01/1983,Canada,76
01/01/1983,Chile,71
01/01/1983,China,68
01/01/1983,Colombia,67
01/01/1983,Costa Rica,74
01/01/1983,Cuba,74
01/01/1983,Cyprus,75
01/01/1983,Denmark,74
01/01/1983,Dominican Rep.,64
01/01/1983,Ecuador,65
01/01/1983,Egypt,60
01/01/1983,El Salvador,58
01/01/1983,Fiji,64
01/01/1983,Finland,74
01/01/1983,France,75
01/01/1983,Gabon,57
01/01/1983,Germany,74
01/01/1983,Greece,75
01/01/1983,Guatemala,59
01/01/1983,Guyana,61
01/01/1983,Honduras,62
01/01/1983,Hong Kong,76
01/01/1983,Hungary,69
01/01/1983,Iceland,77
01/01/1983,Indonesia,60
01/01/1983,Iran,53
01/01/1983,Iraq,60
01/01/1983,Ireland,73
01/01/1983,Israel,75
01/01/1983,Italy,75
01/01/1983,Jamaica,71
01/01/1983,Japan,77
01/01/1983,Jordan,67
01/01/1983,Kuwait,70
01/01/1983,Luxembourg,73
01/01/1983,Malaysia,69
01/01/1983,Malta,74
01/01/1983,Mauritius,68
01/01/1983,Mexico,68
01/01/1983,Mongolia,58
01/01/1983,Namibia,59
01/01/1983,Netherlands,76
01/01/1983,New Zealand,74
01/01/1983,Norway,76
01/01/1983,Panama,71
01/01/1983,Paraguay,67
01/01/1983,Peru,62
01/01/1983,Philippines,63
01/01/1983,Poland,71
01/01/1983,Portugal,73
01/01/1983,Qatar,74
01/01/1983,Romania,70
01/01/1983,Saudi Arabia,65
01/01/1983,South Africa,59
01/01/1983,South Korea,68
01/01/1983,Spain,76
01/01/1983,Sri Lanka,69
01/01/1983,Sweden,76
01/01/1983,Switzerland,76
01/01/1983,Thailand,66
01/01/1983,Tonga,68
01/01/1983,Trinidad Tobago,67
01/01/1983,Tunisia,65
01/01/1983,Turkey,61
01/01/1983,UAE,69
01/01/1983,United Kingdom,74
01/01/1983,United States,74
01/01/1983,Uruguay,71
01/01/1983,Venezuela,69
01/01/1983,Vietnam,68
01/01/1984,Albania,71
01/01/1984,Algeria,63
01/01/1984,Argentina,70
01/01/1984,Australia,75
01/01/1984,Austria,74
01/01/1984,Bahrain,71
01/01/1984,Barbados,70
01/01/1984,Belgium,74
01/01/1984,Belize,71
01/01/1984,Bolivia,55
01/01/1984,Botswana,62
01/01/1984,Brazil,64
01/01/1984,Brunei,72
01/01/1984,Bulgaria,71
01/01/1984,Canada,76
01/01/1984,Chile,71
01/01/1984,China,68
01/01/1984,Colombia,67
01/01/1984,Costa Rica,74
01/01/1984,Cuba,74
01/01/1984,Cyprus,76
01/01/1984,Denmark,75
01/01/1984,Dominican Rep.,65
01/01/1984,Ecuador,65
01/01/1984,Egypt,61
01/01/1984,El Salvador,59
01/01/1984,Fiji,64
01/01/1984,Finland,74
01/01/1984,France,75
01/01/1984,Gabon,58
01/01/1984,Germany,74
01/01/1984,Greece,75
01/01/1984,Guatemala,59
01/01/1984,Guyana,61
01/01/1984,Honduras,63
01/01/1984,Hong Kong,76
01/01/1984,Hungary,69
01/01/1984,Iceland,77
01/01/1984,Indonesia,61
01/01/1984,Iran,54
01/01/1984,Iraq,61
01/01/1984,Ireland,73
01/01/1984,Israel,75
01/01/1984,Italy,75
01/01/1984,Jamaica,71
01/01/1984,Japan,77
01/01/1984,Jordan,68
01/01/1984,Kuwait,71
01/01/1984,Luxembourg,73
01/01/1984,Malaysia,69
01/01/1984,Malta,74
01/01/1984,Mauritius,68
01/01/1984,Mexico,68
01/01/1984,Mongolia,58
01/01/1984,Namibia,60
01/01/1984,Netherlands,76
01/01/1984,New Zealand,74
01/01/1984,Norway,76
01/01/1984,Panama,71
01/01/1984,Paraguay,67
01/01/1984,Peru,62
01/01/1984,Philippines,63
01/01/1984,Poland,71
01/01/1984,Portugal,73
01/01/1984,Qatar,74
01/01/1984,Romania,70
01/01/1984,Saudi Arabia,66
01/01/1984,South Africa,59
01/01/1984,South Korea,68
01/01/1984,Spain,76
01/01/1984,Sri Lanka,69
01/01/1984,Sweden,77
01/01/1984,Switzerland,76
01/01/1984,Thailand,67
01/01/1984,Tonga,68
01/01/1984,Trinidad Tobago,67
01/01/1984,Tunisia,65
01/01/1984,Turkey,61
01/01/1984,UAE,69
01/01/1984,United Kingdom,74
01/01/1984,United States,75
01/01/1984,Uruguay,71
01/01/1984,Venezuela,69
01/01/1984,Vietnam,69
01/01/1985,Albania,71
01/01/1985,Algeria,64
01/01/1985,Argentina,71
01/01/1985,Australia,76
01/01/1985,Austria,74
01/01/1985,Bahrain,71
01/01/1985,Barbados,70
01/01/1985,Belgium,74
01/01/1985,Belize,71
01/01/1985,Bolivia,56
01/01/1985,Botswana,63
01/01/1985,Brazil,64
01/01/1985,Brunei,72
01/01/1985,Bulgaria,71
01/01/1985,Canada,76
01/01/1985,Chile,72
01/01/1985,China,68
01/01/1985,Colombia,68
01/01/1985,Costa Rica,75
01/01/1985,Cuba,75
01/01/1985,Cyprus,76
01/01/1985,Denmark,75
01/01/1985,Dominican Rep.,65
01/01/1985,Ecuador,66
01/01/1985,Egypt,62
01/01/1985,El Salvador,60
01/01/1985,Fiji,64
01/01/1985,Finland,75
01/01/1985,France,75
01/01/1985,Gabon,59
01/01/1985,Germany,74
01/01/1985,Greece,75
01/01/1985,Guatemala,60
01/01/1985,Guyana,61
01/01/1985,Honduras,64
01/01/1985,Hong Kong,76
01/01/1985,Hungary,69
01/01/1985,Iceland,77
01/01/1985,Indonesia,61
01/01/1985,Iran,55
01/01/1985,Iraq,62
01/01/1985,Ireland,74
01/01/1985,Israel,75
01/01/1985,Italy,76
01/01/1985,Jamaica,71
01/01/1985,Japan,78
01/01/1985,Jordan,68
01/01/1985,Kuwait,71
01/01/1985,Luxembourg,74
01/01/1985,Malaysia,69
01/01/1985,Malta,74
01/01/1985,Mauritius,68
01/01/1985,Mexico,69
01/01/1985,Mongolia,58
01/01/1985,Namibia,60
01/01/1985,Netherlands,76
01/01/1985,New Zealand,74
01/01/1985,Norway,76
01/01/1985,Panama,72
01/01/1985,Paraguay,67
01/01/1985,Peru,63
01/01/1985,Philippines,64
01/01/1985,Poland,71
01/01/1985,Portugal,73
01/01/1985,Qatar,74
01/01/1985,Romania,70
01/01/1985,Saudi Arabia,67
01/01/1985,South Africa,60
01/01/1985,South Korea,69
01/01/1985,Spain,76
01/01/1985,Sri Lanka,69
01/01/1985,Sweden,77
01/01/1985,Switzerland,77
01/01/1985,Thailand,68
01/01/1985,Tonga,69
01/01/1985,Trinidad Tobago,68
01/01/1985,Tunisia,66
01/01/1985,Turkey,62
01/01/1985,UAE,70
01/01/1985,United Kingdom,75
01/01/1985,United States,75
01/01/1985,Uruguay,72
01/01/1985,Venezuela,70
01/01/1985,Vietnam,69
01/01/1986,Albania,72
01/01/1986,Algeria,65
01/01/1986,Argentina,71
01/01/1986,Australia,76
01/01/1986,Austria,74
01/01/1986,Bahrain,72
01/01/1986,Barbados,70
01/01/1986,Belgium,75
01/01/1986,Belize,71
01/01/1986,Bolivia,56
01/01/1986,Botswana,63
01/01/1986,Brazil,65
01/01/1986,Brunei,72
01/01/1986,Bulgaria,71
01/01/1986,Canada,76
01/01/1986,Chile,72
01/01/1986,China,69
01/01/1986,Colombia,68
01/01/1986,Costa Rica,75
01/01/1986,Cuba,75
01/01/1986,Cyprus,76
01/01/1986,Denmark,75
01/01/1986,Dominican Rep.,66
01/01/1986,Ecuador,67
01/01/1986,Egypt,63
01/01/1986,El Salvador,61
01/01/1986,Fiji,65
01/01/1986,Finland,75
01/01/1986,France,76
01/01/1986,Gabon,60
01/01/1986,Germany,75
01/01/1986,Greece,75
01/01/1986,Guatemala,60
01/01/1986,Guyana,61
01/01/1986,Honduras,64
01/01/1986,Hong Kong,77
01/01/1986,Hungary,69
01/01/1986,Iceland,77
01/01/1986,Indonesia,62
01/01/1986,Iran,57
01/01/1986,Iraq,63
01/01/1986,Ireland,74
01/01/1986,Israel,75
01/01/1986,Italy,76
01/01/1986,Jamaica,71
01/01/1986,Japan,78
01/01/1986,Jordan,69
01/01/1986,Kuwait,71
01/01/1986,Luxembourg,74
01/01/1986,Malaysia,70
01/01/1986,Malta,74
01/01/1986,Mauritius,69
01/01/1986,Mexico,69
01/01/1986,Mongolia,59
01/01/1986,Namibia,60
01/01/1986,Netherlands,77
01/01/1986,New Zealand,74
01/01/1986,Norway,76
01/01/1986,Panama,72
01/01/1986,Paraguay,67
01/01/1986,Peru,63
01/01/1986,Philippines,64
01/01/1986,Poland,71
01/01/1986,Portugal,73
01/01/1986,Qatar,74
01/01/1986,Romania,70
01/01/1986,Saudi Arabia,67
01/01/1986,South Africa,60
01/01/1986,South Korea,70
01/01/1986,Spain,77
01/01/1986,Sri Lanka,69
01/01/1986,Sweden,77
01/01/1986,Switzerland,77
01/01/1986,Thailand,69
01/01/1986,Tonga,69
01/01/1986,Trinidad Tobago,68
01/01/1986,Tunisia,66
01/01/1986,Turkey,62
01/01/1986,UAE,70
01/01/1986,United Kingdom,75
01/01/1986,United States,75
01/01/1986,Uruguay,72
01/01/1986,Venezuela,70
01/01/1986,Vietnam,69
01/01/1987,Albania,72
01/01/1987,Algeria,66
01/01/1987,Argentina,71
01/01/1987,Australia,76
01/01/1987,Austria,75
01/01/1987,Bahrain,72
01/01/1987,Barbados,70
01/01/1987,Belgium,75
01/01/1987,Belize,71
01/01/1987,Bolivia,57
01/01/1987,Botswana,63
01/01/1987,Brazil,65
01/01/1987,Brunei,73
01/01/1987,Bulgaria,71
01/01/1987,Canada,77
01/01/1987,Chile,73
01/01/1987,China,69
01/01/1987,Colombia,68
01/01/1987,Costa Rica,75
01/01/1987,Cuba,75
01/01/1987,Cyprus,76
01/01/1987,Denmark,75
01/01/1987,Dominican Rep.,66
01/01/1987,Ecuador,67
01/01/1987,Egypt,63
01/01/1987,El Salvador,62
01/01/1987,Fiji,65
01/01/1987,Finland,75
01/01/1987,France,76
01/01/1987,Gabon,60
01/01/1987,Germany,75
01/01/1987,Greece,76
01/01/1987,Guatemala,61
01/01/1987,Guyana,62
01/01/1987,Honduras,65
01/01/1987,Hong Kong,77
01/01/1987,Hungary,69
01/01/1987,Iceland,77
01/01/1987,Indonesia,62
01/01/1987,Iran,58
01/01/1987,Iraq,65
01/01/1987,Ireland,74
01/01/1987,Israel,76
01/01/1987,Italy,76
01/01/1987,Jamaica,71
01/01/1987,Japan,78
01/01/1987,Jordan,69
01/01/1987,Kuwait,71
01/01/1987,Luxembourg,74
01/01/1987,Malaysia,70
01/01/1987,Malta,75
01/01/1987,Mauritius,69
01/01/1987,Mexico,70
01/01/1987,Mongolia,59
01/01/1987,Namibia,61
01/01/1987,Netherlands,77
01/01/1987,New Zealand,74
01/01/1987,Norway,76
01/01/1987,Panama,72
01/01/1987,Paraguay,68
01/01/1987,Peru,64
01/01/1987,Philippines,64
01/01/1987,Poland,71
01/01/1987,Portugal,74
01/01/1987,Qatar,75
01/01/1987,Romania,70
01/01/1987,Saudi Arabia,68
01/01/1987,South Africa,61
01/01/1987,South Korea,70
01/01/1987,Spain,77
01/01/1987,Sri Lanka,69
01/01/1987,Sweden,77
01/01/1987,Switzerland,77
01/01/1987,Thailand,69
01/01/1987,Tonga,69
01/01/1987,Trinidad Tobago,68
01/01/1987,Tunisia,67
01/01/1987,Turkey,63
01/01/1987,UAE,71
01/01/1987,United Kingdom,75
01/01/1987,United States,75
01/01/1987,Uruguay,72
01/01/1987,Venezuela,70
01/01/1987,Vietnam,70
01/01/1988,Albania,72
01/01/1988,Algeria,66
01/01/1988,Argentina,71
01/01/1988,Australia,76
01/01/1988,Austria,75
01/01/1988,Bahrain,72
01/01/1988,Barbados,71
01/01/1988,Belgium,75
01/01/1988,Belize,71
01/01/1988,Bolivia,58
01/01/1988,Botswana,63
01/01/1988,Brazil,66
01/01/1988,Brunei,73
01/01/1988,Bulgaria,71
01/01/1988,Canada,77
01/01/1988,Chile,73
01/01/1988,China,69
01/01/1988,Colombia,68
01/01/1988,Costa Rica,75
01/01/1988,Cuba,75
01/01/1988,Cyprus,76
01/01/1988,Denmark,75
01/01/1988,Dominican Rep.,67
01/01/1988,Ecuador,68
01/01/1988,Egypt,64
01/01/1988,El Salvador,64
01/01/1988,Fiji,65
01/01/1988,Finland,75
01/01/1988,France,76
01/01/1988,Gabon,61
01/01/1988,Germany,75
01/01/1988,Greece,76
01/01/1988,Guatemala,61
01/01/1988,Guyana,62
01/01/1988,Honduras,66
01/01/1988,Hong Kong,77
01/01/1988,Hungary,69
01/01/1988,Iceland,78
01/01/1988,Indonesia,63
01/01/1988,Iran,60
01/01/1988,Iraq,66
01/01/1988,Ireland,74
01/01/1988,Israel,76
01/01/1988,Italy,76
01/01/1988,Jamaica,71
01/01/1988,Japan,79
01/01/1988,Jordan,69
01/01/1988,Kuwait,72
01/01/1988,Luxembourg,75
01/01/1988,Malaysia,70
01/01/1988,Malta,75
01/01/1988,Mauritius,69
01/01/1988,Mexico,70
01/01/1988,Mongolia,60
01/01/1988,Namibia,61
01/01/1988,Netherlands,77
01/01/1988,New Zealand,75
01/01/1988,Norway,76
01/01/1988,Panama,73
01/01/1988,Paraguay,68
01/01/1988,Peru,65
01/01/1988,Philippines,65
01/01/1988,Poland,71
01/01/1988,Portugal,74
01/01/1988,Qatar,75
01/01/1988,Romania,70
01/01/1988,Saudi Arabia,68
01/01/1988,South Africa,61
01/01/1988,South Korea,71
01/01/1988,Spain,77
01/01/1988,Sri Lanka,69
01/01/1988,Sweden,77
01/01/1988,Switzerland,77
01/01/1988,Thailand,70
01/01/1988,Tonga,69
01/01/1988,Trinidad Tobago,68
01/01/1988,Tunisia,68
01/01/1988,Turkey,63
01/01/1988,UAE,71
01/01/1988,United Kingdom,75
01/01/1988,United States,75
01/01/1988,Uruguay,72
01/01/1988,Venezuela,71
01/01/1988,Vietnam,70
01/01/1989,Albania,72
01/01/1989,Algeria,66
01/01/1989,Argentina,71
01/01/1989,Australia,77
01/01/1989,Austria,75
01/01/1989,Bahrain,72
01/01/1989,Barbados,71
01/01/1989,Belgium,76
01/01/1989,Belize,71
01/01/1989,Bolivia,58
01/01/1989,Botswana,63
01/01/1989,Brazil,66
01/01/1989,Brunei,73
01/01/1989,Bulgaria,71
01/01/1989,Canada,77
01/01/1989,Chile,73
01/01/1989,China,69
01/01/1989,Colombia,68
01/01/1989,Costa Rica,75
01/01/1989,Cuba,75
01/01/1989,Cyprus,76
01/01/1989,Denmark,75
01/01/1989,Dominican Rep.,67
01/01/1989,Ecuador,68
01/01/1989,Egypt,64
01/01/1989,El Salvador,65
01/01/1989,Fiji,65
01/01/1989,Finland,75
01/01/1989,France,76
01/01/1989,Gabon,61
01/01/1989,Germany,75
01/01/1989,Greece,76
01/01/1989,Guatemala,62
01/01/1989,Guyana,62
01/01/1989,Honduras,66
01/01/1989,Hong Kong,77
01/01/1989,Hungary,69
01/01/1989,Iceland,78
01/01/1989,Indonesia,63
01/01/1989,Iran,62
01/01/1989,Iraq,67
01/01/1989,Ireland,74
01/01/1989,Israel,76
01/01/1989,Italy,77
01/01/1989,Jamaica,71
01/01/1989,Japan,79
01/01/1989,Jordan,70
01/01/1989,Kuwait,72
01/01/1989,Luxembourg,75
01/01/1989,Malaysia,71
01/01/1989,Malta,75
01/01/1989,Mauritius,69
01/01/1989,Mexico,70
01/01/1989,Mongolia,60
01/01/1989,Namibia,61
01/01/1989,Netherlands,77
01/01/1989,New Zealand,75
01/01/1989,Norway,76
01/01/1989,Panama,73
01/01/1989,Paraguay,68
01/01/1989,Peru,65
01/01/1989,Philippines,65
01/01/1989,Poland,71
01/01/1989,Portugal,74
01/01/1989,Qatar,75
01/01/1989,Romania,70
01/01/1989,Saudi Arabia,69
01/01/1989,South Africa,62
01/01/1989,South Korea,71
01/01/1989,Spain,77
01/01/1989,Sri Lanka,69
01/01/1989,Sweden,77
01/01/1989,Switzerland,77
01/01/1989,Thailand,70
01/01/1989,Tonga,69
01/01/1989,Trinidad Tobago,68
01/01/1989,Tunisia,68
01/01/1989,Turkey,64
01/01/1989,UAE,71
01/01/1989,United Kingdom,75
01/01/1989,United States,75
01/01/1989,Uruguay,72
01/01/1989,Venezuela,71
01/01/1989,Vietnam,70
01/01/1990,Albania,72
01/01/1990,Algeria,67
01/01/1990,Argentina,72
01/01/1990,Australia,77
01/01/1990,Austria,75
01/01/1990,Bahrain,72
01/01/1990,Barbados,71
01/01/1990,Belgium,76
01/01/1990,Belize,71
01/01/1990,Bolivia,59
01/01/1990,Botswana,63
01/01/1990,Brazil,66
01/01/1990,Brunei,74
01/01/1990,Bulgaria,71
01/01/1990,Canada,77
01/01/1990,Chile,74
01/01/1990,China,69
01/01/1990,Colombia,68
01/01/1990,Costa Rica,76
01/01/1990,Cuba,75
01/01/1990,Cyprus,77
01/01/1990,Denmark,75
01/01/1990,Dominican Rep.,68
01/01/1990,Ecuador,69
01/01/1990,Egypt,65
01/01/1990,El Salvador,66
01/01/1990,Fiji,66
01/01/1990,Finland,75
01/01/1990,France,77
01/01/1990,Gabon,61
01/01/1990,Germany,75
01/01/1990,Greece,77
01/01/1990,Guatemala,62
01/01/1990,Guyana,62
01/01/1990,Honduras,67
01/01/1990,Hong Kong,78
01/01/1990,Hungary,69
01/01/1990,Iceland,78
01/01/1990,Indonesia,63
01/01/1990,Iran,63
01/01/1990,Iraq,68
01/01/1990,Ireland,75
01/01/1990,Israel,76
01/01/1990,Italy,77
01/01/1990,Jamaica,71
01/01/1990,Japan,79
01/01/1990,Jordan,70
01/01/1990,Kuwait,72
01/01/1990,Luxembourg,75
01/01/1990,Malaysia,71
01/01/1990,Malta,75
01/01/1990,Mauritius,69
01/01/1990,Mexico,71
01/01/1990,Mongolia,60
01/01/1990,Namibia,61
01/01/1990,Netherlands,77
01/01/1990,New Zealand,75
01/01/1990,Norway,76
01/01/1990,Panama,73
01/01/1990,Paraguay,68
01/01/1990,Peru,66
01/01/1990,Philippines,65
01/01/1990,Poland,71
01/01/1990,Portugal,74
01/01/1990,Qatar,75
01/01/1990,Romania,70
01/01/1990,Saudi Arabia,69
01/01/1990,South Africa,62
01/01/1990,South Korea,72
01/01/1990,Spain,77
01/01/1990,Sri Lanka,70
01/01/1990,Sweden,78
01/01/1990,Switzerland,78
01/01/1990,Thailand,70
01/01/1990,Tonga,70
01/01/1990,Trinidad Tobago,68
01/01/1990,Tunisia,69
01/01/1990,Turkey,64
01/01/1990,UAE,71
01/01/1990,United Kingdom,76
01/01/1990,United States,75
01/01/1990,Uruguay,73
01/01/1990,Venezuela,71
01/01/1990,Vietnam,71
01/01/1991,Albania,72
01/01/1991,Algeria,67
01/01/1991,Argentina,72
01/01/1991,Australia,77
01/01/1991,Austria,76
01/01/1991,Bahrain,73
01/01/1991,Barbados,71
01/01/1991,Belgium,76
01/01/1991,Belize,71
01/01/1991,Bolivia,59
01/01/1991,Botswana,62
01/01/1991,Brazil,67
01/01/1991,Brunei,74
01/01/1991,Bulgaria,71
01/01/1991,Canada,77
01/01/1991,Chile,74
01/01/1991,China,70
01/01/1991,Colombia,68
01/01/1991,Costa Rica,76
01/01/1991,Cuba,75
01/01/1991,Cyprus,77
01/01/1991,Denmark,75
01/01/1991,Dominican Rep.,68
01/01/1991,Ecuador,69
01/01/1991,Egypt,65
01/01/1991,El Salvador,67
01/01/1991,Fiji,66
01/01/1991,Finland,75
01/01/1991,France,77
01/01/1991,Gabon,61
01/01/1991,Germany,76
01/01/1991,Greece,77
01/01/1991,Guatemala,63
01/01/1991,Guyana,62
01/01/1991,Honduras,67
01/01/1991,Hong Kong,78
01/01/1991,Hungary,69
01/01/1991,Iceland,78
01/01/1991,Indonesia,64
01/01/1991,Iran,65
01/01/1991,Iraq,69
01/01/1991,Ireland,75
01/01/1991,Israel,77
01/01/1991,Italy,77
01/01/1991,Jamaica,71
01/01/1991,Japan,79
01/01/1991,Jordan,70
01/01/1991,Kuwait,72
01/01/1991,Luxembourg,75
01/01/1991,Malaysia,71
01/01/1991,Malta,76
01/01/1991,Mauritius,70
01/01/1991,Mexico,71
01/01/1991,Mongolia,60
01/01/1991,Namibia,61
01/01/1991,Netherlands,77
01/01/1991,New Zealand,76
01/01/1991,Norway,77
01/01/1991,Panama,73
01/01/1991,Paraguay,68
01/01/1991,Peru,66
01/01/1991,Philippines,65
01/01/1991,Poland,71
01/01/1991,Portugal,74
01/01/1991,Qatar,75
01/01/1991,Romania,70
01/01/1991,Saudi Arabia,69
01/01/1991,South Africa,62
01/01/1991,South Korea,72
01/01/1991,Spain,77
01/01/1991,Sri Lanka,70
01/01/1991,Sweden,78
01/01/1991,Switzerland,78
01/01/1991,Thailand,71
01/01/1991,Tonga,70
01/01/1991,Trinidad Tobago,68
01/01/1991,Tunisia,69
01/01/1991,Turkey,65
01/01/1991,UAE,72
01/01/1991,United Kingdom,76
01/01/1991,United States,75
01/01/1991,Uruguay,73
01/01/1991,Venezuela,71
01/01/1991,Vietnam,71
01/01/1992,Albania,72
01/01/1992,Algeria,67
01/01/1992,Argentina,72
01/01/1992,Australia,77
01/01/1992,Austria,76
01/01/1992,Bahrain,73
01/01/1992,Barbados,72
01/01/1992,Belgium,76
01/01/1992,Belize,71
01/01/1992,Bolivia,60
01/01/1992,Botswana,61
01/01/1992,Brazil,67
01/01/1992,Brunei,74
01/01/1992,Bulgaria,71
01/01/1992,Canada,78
01/01/1992,Chile,74
01/01/1992,China,70
01/01/1992,Colombia,69
01/01/1992,Costa Rica,76
01/01/1992,Cuba,75
01/01/1992,Cyprus,77
01/01/1992,Denmark,75
01/01/1992,Dominican Rep.,69
01/01/1992,Ecuador,70
01/01/1992,Egypt,65
01/01/1992,El Salvador,68
01/01/1992,Fiji,66
01/01/1992,Finland,76
01/01/1992,France,77
01/01/1992,Gabon,61
01/01/1992,Germany,76
01/01/1992,Greece,77
01/01/1992,Guatemala,63
01/01/1992,Guyana,62
01/01/1992,Honduras,68
01/01/1992,Hong Kong,78
01/01/1992,Hungary,69
01/01/1992,Iceland,78
01/01/1992,Indonesia,64
01/01/1992,Iran,66
01/01/1992,Iraq,70
01/01/1992,Ireland,75
01/01/1992,Israel,77
01/01/1992,Italy,77
01/01/1992,Jamaica,71
01/01/1992,Japan,79
01/01/1992,Jordan,70
01/01/1992,Kuwait,72
01/01/1992,Luxembourg,76
01/01/1992,Malaysia,71
01/01/1992,Malta,76
01/01/1992,Mauritius,70
01/01/1992,Mexico,72
01/01/1992,Mongolia,61
01/01/1992,Namibia,61
01/01/1992,Netherlands,77
01/01/1992,New Zealand,76
01/01/1992,Norway,77
01/01/1992,Panama,73
01/01/1992,Paraguay,68
01/01/1992,Peru,67
01/01/1992,Philippines,66
01/01/1992,Poland,71
01/01/1992,Portugal,75
01/01/1992,Qatar,76
01/01/1992,Romania,70
01/01/1992,Saudi Arabia,70
01/01/1992,South Africa,62
01/01/1992,South Korea,73
01/01/1992,Spain,77
01/01/1992,Sri Lanka,70
01/01/1992,Sweden,78
01/01/1992,Switzerland,78
01/01/1992,Thailand,71
01/01/1992,Tonga,70
01/01/1992,Trinidad Tobago,68
01/01/1992,Tunisia,70
01/01/1992,Turkey,65
01/01/1992,UAE,72
01/01/1992,United Kingdom,76
01/01/1992,United States,76
01/01/1992,Uruguay,73
01/01/1992,Venezuela,71
01/01/1992,Vietnam,71
01/01/1993,Albania,72
01/01/1993,Algeria,67
01/01/1993,Argentina,72
01/01/1993,Australia,78
01/01/1993,Austria,76
01/01/1993,Bahrain,73
01/01/1993,Barbados,72
01/01/1993,Belgium,76
01/01/1993,Belize,70
01/01/1993,Bolivia,60
01/01/1993,Botswana,60
01/01/1993,Brazil,68
01/01/1993,Brunei,74
01/01/1993,Bulgaria,71
01/01/1993,Canada,78
01/01/1993,Chile,75
01/01/1993,China,70
01/01/1993,Colombia,69
01/01/1993,Costa Rica,76
01/01/1993,Cuba,75
01/01/1993,Cyprus,77
01/01/1993,Denmark,75
01/01/1993,Dominican Rep.,69
01/01/1993,Ecuador,70
01/01/1993,Egypt,66
01/01/1993,El Salvador,68
01/01/1993,Fiji,66
01/01/1993,Finland,76
01/01/1993,France,77
01/01/1993,Gabon,61
01/01/1993,Germany,76
01/01/1993,Greece,77
01/01/1993,Guatemala,64
01/01/1993,Guyana,62
01/01/1993,Honduras,68
01/01/1993,Hong Kong,78
01/01/1993,Hungary,70
01/01/1993,Iceland,78
01/01/1993,Indonesia,65
01/01/1993,Iran,67
01/01/1993,Iraq,70
01/01/1993,Ireland,75
01/01/1993,Israel,77
01/01/1993,Italy,78
01/01/1993,Jamaica,70
01/01/1993,Japan,80
01/01/1993,Jordan,71
01/01/1993,Kuwait,72
01/01/1993,Luxembourg,76
01/01/1993,Malaysia,71
01/01/1993,Malta,76
01/01/1993,Mauritius,70
01/01/1993,Mexico,72
01/01/1993,Mongolia,61
01/01/1993,Namibia,61
01/01/1993,Netherlands,77
01/01/1993,New Zealand,76
01/01/1993,Norway,77
01/01/1993,Panama,74
01/01/1993,Paraguay,69
01/01/1993,Peru,67
01/01/1993,Philippines,66
01/01/1993,Poland,71
01/01/1993,Portugal,75
01/01/1993,Qatar,76
01/01/1993,Romania,70
01/01/1993,Saudi Arabia,70
01/01/1993,South Africa,62
01/01/1993,South Korea,73
01/01/1993,Spain,78
01/01/1993,Sri Lanka,70
01/01/1993,Sweden,78
01/01/1993,Switzerland,78
01/01/1993,Thailand,71
01/01/1993,Tonga,70
01/01/1993,Trinidad Tobago,68
01/01/1993,Tunisia,71
01/01/1993,Turkey,66
01/01/1993,UAE,72
01/01/1993,United Kingdom,76
01/01/1993,United States,76
01/01/1993,Uruguay,73
01/01/1993,Venezuela,72
01/01/1993,Vietnam,72
01/01/1994,Albania,72
01/01/1994,Algeria,68
01/01/1994,Argentina,72
01/01/1994,Australia,78
01/01/1994,Austria,76
01/01/1994,Bahrain,73
01/01/1994,Barbados,72
01/01/1994,Belgium,77
01/01/1994,Belize,70
01/01/1994,Bolivia,61
01/01/1994,Botswana,58
01/01/1994,Brazil,68
01/01/1994,Brunei,75
01/01/1994,Bulgaria,71
01/01/1994,Canada,78
01/01/1994,Chile,75
01/01/1994,China,70
01/01/1994,Colombia,69
01/01/1994,Costa Rica,77
01/01/1994,Cuba,75
01/01/1994,Cyprus,77
01/01/1994,Denmark,75
01/01/1994,Dominican Rep.,69
01/01/1994,Ecuador,71
01/01/1994,Egypt,66
01/01/1994,El Salvador,69
01/01/1994,Fiji,66
01/01/1994,Finland,76
01/01/1994,France,78
01/01/1994,Gabon,61
01/01/1994,Germany,76
01/01/1994,Greece,78
01/01/1994,Guatemala,64
01/01/1994,Guyana,63
01/01/1994,Honduras,68
01/01/1994,Hong Kong,78
01/01/1994,Hungary,70
01/01/1994,Iceland,79
01/01/1994,Indonesia,65
01/01/1994,Iran,67
01/01/1994,Iraq,71
01/01/1994,Ireland,75
01/01/1994,Israel,77
01/01/1994,Italy,78
01/01/1994,Jamaica,70
01/01/1994,Japan,80
01/01/1994,Jordan,71
01/01/1994,Kuwait,73
01/01/1994,Luxembourg,76
01/01/1994,Malaysia,72
01/01/1994,Malta,76
01/01/1994,Mauritius,70
01/01/1994,Mexico,72
01/01/1994,Mongolia,61
01/01/1994,Namibia,61
01/01/1994,Netherlands,77
01/01/1994,New Zealand,77
01/01/1994,Norway,77
01/01/1994,Panama,74
01/01/1994,Paraguay,69
01/01/1994,Peru,68
01/01/1994,Philippines,66
01/01/1994,Poland,72
01/01/1994,Portugal,75
01/01/1994,Qatar,76
01/01/1994,Romania,70
01/01/1994,Saudi Arabia,70
01/01/1994,South Africa,62
01/01/1994,South Korea,73
01/01/1994,Spain,78
01/01/1994,Sri Lanka,69
01/01/1994,Sweden,78
01/01/1994,Switzerland,78
01/01/1994,Thailand,71
01/01/1994,Tonga,70
01/01/1994,Trinidad Tobago,68
01/01/1994,Tunisia,71
01/01/1994,Turkey,66
01/01/1994,UAE,73
01/01/1994,United Kingdom,76
01/01/1994,United States,76
01/01/1994,Uruguay,73
01/01/1994,Venezuela,72
01/01/1994,Vietnam,72
01/01/1995,Albania,72
01/01/1995,Algeria,68
01/01/1995,Argentina,73
01/01/1995,Australia,78
01/01/1995,Austria,77
01/01/1995,Bahrain,73
01/01/1995,Barbados,72
01/01/1995,Belgium,77
01/01/1995,Belize,70
01/01/1995,Bolivia,61
01/01/1995,Botswana,56
01/01/1995,Brazil,68
01/01/1995,Brunei,75
01/01/1995,Bulgaria,71
01/01/1995,Canada,78
01/01/1995,Chile,75
01/01/1995,China,70
01/01/1995,Colombia,69
01/01/1995,Costa Rica,77
01/01/1995,Cuba,75
01/01/1995,Cyprus,77
01/01/1995,Denmark,76
01/01/1995,Dominican Rep.,70
01/01/1995,Ecuador,71
01/01/1995,Egypt,67
01/01/1995,El Salvador,69
01/01/1995,Fiji,67
01/01/1995,Finland,76
01/01/1995,France,78
01/01/1995,Gabon,61
01/01/1995,Germany,77
01/01/1995,Greece,78
01/01/1995,Guatemala,65
01/01/1995,Guyana,63
01/01/1995,Honduras,69
01/01/1995,Hong Kong,79
01/01/1995,Hungary,70
01/01/1995,Iceland,79
01/01/1995,Indonesia,65
01/01/1995,Iran,68
01/01/1995,Iraq,71
01/01/1995,Ireland,76
01/01/1995,Israel,78
01/01/1995,Italy,78
01/01/1995,Jamaica,70
01/01/1995,Japan,80
01/01/1995,Jordan,71
01/01/1995,Kuwait,73
01/01/1995,Luxembourg,76
01/01/1995,Malaysia,72
01/01/1995,Malta,76
01/01/1995,Mauritius,70
01/01/1995,Mexico,73
01/01/1995,Mongolia,61
01/01/1995,Namibia,60
01/01/1995,Netherlands,78
01/01/1995,New Zealand,77
01/01/1995,Norway,78
01/01/1995,Panama,74
01/01/1995,Paraguay,69
01/01/1995,Peru,68
01/01/1995,Philippines,66
01/01/1995,Poland,72
01/01/1995,Portugal,75
01/01/1995,Qatar,76
01/01/1995,Romania,70
01/01/1995,Saudi Arabia,71
01/01/1995,South Africa,61
01/01/1995,South Korea,74
01/01/1995,Spain,78
01/01/1995,Sri Lanka,69
01/01/1995,Sweden,79
01/01/1995,Switzerland,79
01/01/1995,Thailand,71
01/01/1995,Tonga,70
01/01/1995,Trinidad Tobago,68
01/01/1995,Tunisia,71
01/01/1995,Turkey,67
01/01/1995,UAE,73
01/01/1995,United Kingdom,77
01/01/1995,United States,76
01/01/1995,Uruguay,74
01/01/1995,Venezuela,72
01/01/1995,Vietnam,72
01/01/1996,Albania,72
01/01/1996,Algeria,68
01/01/1996,Argentina,73
01/01/1996,Australia,78
01/01/1996,Austria,77
01/01/1996,Bahrain,74
01/01/1996,Barbados,72
01/01/1996,Belgium,77
01/01/1996,Belize,70
01/01/1996,Bolivia,62
01/01/1996,Botswana,54
01/01/1996,Brazil,69
01/01/1996,Brunei,75
01/01/1996,Bulgaria,71
01/01/1996,Canada,78
01/01/1996,Chile,75
01/01/1996,China,71
01/01/1996,Colombia,70
01/01/1996,Costa Rica,77
01/01/1996,Cuba,76
01/01/1996,Cyprus,77
01/01/1996,Denmark,76
01/01/1996,Dominican Rep.,70
01/01/1996,Ecuador,72
01/01/1996,Egypt,67
01/01/1996,El Salvador,69
01/01/1996,Fiji,67
01/01/1996,Finland,77
01/01/1996,France,78
01/01/1996,Gabon,61
01/01/1996,Germany,77
01/01/1996,Greece,78
01/01/1996,Guatemala,65
01/01/1996,Guyana,63
01/01/1996,Honduras,69
01/01/1996,Hong Kong,79
01/01/1996,Hungary,70
01/01/1996,Iceland,79
01/01/1996,Indonesia,66
01/01/1996,Iran,68
01/01/1996,Iraq,71
01/01/1996,Ireland,76
01/01/1996,Israel,78
01/01/1996,Italy,78
01/01/1996,Jamaica,70
01/01/1996,Japan,80
01/01/1996,Jordan,71
01/01/1996,Kuwait,73
01/01/1996,Luxembourg,77
01/01/1996,Malaysia,72
01/01/1996,Malta,77
01/01/1996,Mauritius,70
01/01/1996,Mexico,73
01/01/1996,Mongolia,61
01/01/1996,Namibia,59
01/01/1996,Netherlands,78
01/01/1996,New Zealand,77
01/01/1996,Norway,78
01/01/1996,Panama,74
01/01/1996,Paraguay,69
01/01/1996,Peru,69
01/01/1996,Philippines,66
01/01/1996,Poland,72
01/01/1996,Portugal,75
01/01/1996,Qatar,76
01/01/1996,Romania,70
01/01/1996,Saudi Arabia,71
01/01/1996,South Africa,61
01/01/1996,South Korea,74
01/01/1996,Spain,78
01/01/1996,Sri Lanka,69
01/01/1996,Sweden,79
01/01/1996,Switzerland,79
01/01/1996,Thailand,71
01/01/1996,Tonga,70
01/01/1996,Trinidad Tobago,68
01/01/1996,Tunisia,72
01/01/1996,Turkey,68
01/01/1996,UAE,73
01/01/1996,United Kingdom,77
01/01/1996,United States,76
01/01/1996,Uruguay,74
01/01/1996,Venezuela,72
01/01/1996,Vietnam,73
01/01/1997,Albania,73
01/01/1997,Algeria,68
01/01/1997,Argentina,73
01/01/1997,Australia,79
01/01/1997,Austria,77
01/01/1997,Bahrain,74
01/01/1997,Barbados,73
01/01/1997,Belgium,77
01/01/1997,Belize,70
01/01/1997,Bolivia,62
01/01/1997,Botswana,53
01/01/1997,Brazil,69
01/01/1997,Brunei,75
01/01/1997,Bulgaria,71
01/01/1997,Canada,78
01/01/1997,Chile,76
01/01/1997,China,71
01/01/1997,Colombia,70
01/01/1997,Costa Rica,77
01/01/1997,Cuba,76
01/01/1997,Cyprus,78
01/01/1997,Denmark,76
01/01/1997,Dominican Rep.,70
01/01/1997,Ecuador,72
01/01/1997,Egypt,68
01/01/1997,El Salvador,69
01/01/1997,Fiji,67
01/01/1997,Finland,77
01/01/1997,France,78
01/01/1997,Gabon,61
01/01/1997,Germany,77
01/01/1997,Greece,78
01/01/1997,Guatemala,66
01/01/1997,Guyana,63
01/01/1997,Honduras,70
01/01/1997,Hong Kong,79
01/01/1997,Hungary,71
01/01/1997,Iceland,79
01/01/1997,Indonesia,66
01/01/1997,Iran,69
01/01/1997,Iraq,71
01/01/1997,Ireland,76
01/01/1997,Israel,78
01/01/1997,Italy,79
01/01/1997,Jamaica,70
01/01/1997,Japan,80
01/01/1997,Jordan,71
01/01/1997,Kuwait,73
01/01/1997,Luxembourg,77
01/01/1997,Malaysia,72
01/01/1997,Malta,77
01/01/1997,Mauritius,71
01/01/1997,Mexico,74
01/01/1997,Mongolia,62
01/01/1997,Namibia,58
01/01/1997,Netherlands,78
01/01/1997,New Zealand,77
01/01/1997,Norway,78
01/01/1997,Panama,75
01/01/1997,Paraguay,69
01/01/1997,Peru,69
01/01/1997,Philippines,66
01/01/1997,Poland,73
01/01/1997,Portugal,76
01/01/1997,Qatar,76
01/01/1997,Romania,70
01/01/1997,Saudi Arabia,71
01/01/1997,South Africa,60
01/01/1997,South Korea,75
01/01/1997,Spain,78
01/01/1997,Sri Lanka,69
01/01/1997,Sweden,79
01/01/1997,Switzerland,79
01/01/1997,Thailand,71
01/01/1997,Tonga,70
01/01/1997,Trinidad Tobago,68
01/01/1997,Tunisia,72
01/01/1997,Turkey,68
01/01/1997,UAE,73
01/01/1997,United Kingdom,77
01/01/1997,United States,76
01/01/1997,Uruguay,74
01/01/1997,Venezuela,72
01/01/1997,Vietnam,73
01/01/1998,Albania,73
01/01/1998,Algeria,69
01/01/1998,Argentina,73
01/01/1998,Australia,79
01/01/1998,Austria,78
01/01/1998,Bahrain,74
01/01/1998,Barbados,73
01/01/1998,Belgium,77
01/01/1998,Belize,70
01/01/1998,Bolivia,62
01/01/1998,Botswana,51
01/01/1998,Brazil,70
01/01/1998,Brunei,75
01/01/1998,Bulgaria,71
01/01/1998,Canada,79
01/01/1998,Chile,76
01/01/1998,China,71
01/01/1998,Colombia,70
01/01/1998,Costa Rica,77
01/01/1998,Cuba,76
01/01/1998,Cyprus,78
01/01/1998,Denmark,76
01/01/1998,Dominican Rep.,70
01/01/1998,Ecuador,73
01/01/1998,Egypt,68
01/01/1998,El Salvador,69
01/01/1998,Fiji,67
01/01/1998,Finland,77
01/01/1998,France,78
01/01/1998,Gabon,60
01/01/1998,Germany,77
01/01/1998,Greece,78
01/01/1998,Guatemala,67
01/01/1998,Guyana,63
01/01/1998,Honduras,70
01/01/1998,Hong Kong,80
01/01/1998,Hungary,71
01/01/1998,Iceland,79
01/01/1998,Indonesia,67
01/01/1998,Iran,69
01/01/1998,Iraq,71
01/01/1998,Ireland,76
01/01/1998,Israel,78
01/01/1998,Italy,79
01/01/1998,Jamaica,70
01/01/1998,Japan,81
01/01/1998,Jordan,71
01/01/1998,Kuwait,73
01/01/1998,Luxembourg,77
01/01/1998,Malaysia,72
01/01/1998,Malta,77
01/01/1998,Mauritius,71
01/01/1998,Mexico,74
01/01/1998,Mongolia,62
01/01/1998,Namibia,57
01/01/1998,Netherlands,78
01/01/1998,New Zealand,78
01/01/1998,Norway,78
01/01/1998,Panama,75
01/01/1998,Paraguay,70
01/01/1998,Peru,70
01/01/1998,Philippines,66
01/01/1998,Poland,73
01/01/1998,Portugal,76
01/01/1998,Qatar,76
01/01/1998,Romania,70
01/01/1998,Saudi Arabia,72
01/01/1998,South Africa,58
01/01/1998,South Korea,75
01/01/1998,Spain,79
01/01/1998,Sri Lanka,70
01/01/1998,Sweden,79
01/01/1998,Switzerland,79
01/01/1998,Thailand,71
01/01/1998,Tonga,71
01/01/1998,Trinidad Tobago,68
01/01/1998,Tunisia,73
01/01/1998,Turkey,69
01/01/1998,UAE,74
01/01/1998,United Kingdom,77
01/01/1998,United States,76
01/01/1998,Uruguay,74
01/01/1998,Venezuela,72
01/01/1998,Vietnam,73
01/01/1999,Albania,74
01/01/1999,Algeria,69
01/01/1999,Argentina,74
01/01/1999,Australia,79
01/01/1999,Austria,78
01/01/1999,Bahrain,74
01/01/1999,Barbados,73
01/01/1999,Belgium,78
01/01/1999,Belize,70
01/01/1999,Bolivia,63
01/01/1999,Botswana,50
01/01/1999,Brazil,70
01/01/1999,Brunei,76
01/01/1999,Bulgaria,71
01/01/1999,Canada,79
01/01/1999,Chile,76
01/01/1999,China,72
01/01/1999,Colombia,71
01/01/1999,Costa Rica,78
01/01/1999,Cuba,76
01/01/1999,Cyprus,78
01/01/1999,Denmark,76
01/01/1999,Dominican Rep.,70
01/01/1999,Ecuador,73
01/01/1999,Egypt,68
01/01/1999,El Salvador,70
01/01/1999,Fiji,67
01/01/1999,Finland,77
01/01/1999,France,79
01/01/1999,Gabon,60
01/01/1999,Germany,78
01/01/1999,Greece,78
01/01/1999,Guatemala,67
01/01/1999,Guyana,63
01/01/1999,Honduras,70
01/01/1999,Hong Kong,80
01/01/1999,Hungary,71
01/01/1999,Iceland,79
01/01/1999,Indonesia,67
01/01/1999,Iran,69
01/01/1999,Iraq,71
01/01/1999,Ireland,76
01/01/1999,Israel,79
01/01/1999,Italy,79
01/01/1999,Jamaica,70
01/01/1999,Japan,81
01/01/1999,Jordan,72
01/01/1999,Kuwait,73
01/01/1999,Luxembourg,77
01/01/1999,Malaysia,73
01/01/1999,Malta,77
01/01/1999,Mauritius,71
01/01/1999,Mexico,74
01/01/1999,Mongolia,62
01/01/1999,Namibia,56
01/01/1999,Netherlands,78
01/01/1999,New Zealand,78
01/01/1999,Norway,79
01/01/1999,Panama,75
01/01/1999,Paraguay,70
01/01/1999,Peru,70
01/01/1999,Philippines,67
01/01/1999,Poland,73
01/01/1999,Portugal,76
01/01/1999,Qatar,77
01/01/1999,Romania,70
01/01/1999,Saudi Arabia,72
01/01/1999,South Africa,57
01/01/1999,South Korea,76
01/01/1999,Spain,79
01/01/1999,Sri Lanka,70
01/01/1999,Sweden,79
01/01/1999,Switzerland,80
01/01/1999,Thailand,71
01/01/1999,Tonga,71
01/01/1999,Trinidad Tobago,68
01/01/1999,Tunisia,73
01/01/1999,Turkey,69
01/01/1999,UAE,74
01/01/1999,United Kingdom,77
01/01/1999,United States,77
01/01/1999,Uruguay,75
01/01/1999,Venezuela,72
01/01/1999,Vietnam,74
01/01/2000,Albania,74
01/01/2000,Algeria,69
01/01/2000,Argentina,74
01/01/2000,Australia,80
01/01/2000,Austria,78
01/01/2000,Bahrain,74
01/01/2000,Barbados,73
01/01/2000,Belgium,78
01/01/2000,Belize,70
01/01/2000,Bolivia,63
01/01/2000,Botswana,49
01/01/2000,Brazil,70
01/01/2000,Brunei,76
01/01/2000,Bulgaria,71
01/01/2000,Canada,79
01/01/2000,Chile,77
01/01/2000,China,72
01/01/2000,Colombia,71
01/01/2000,Costa Rica,78
01/01/2000,Cuba,77
01/01/2000,Cyprus,78
01/01/2000,Denmark,77
01/01/2000,Dominican Rep.,71
01/01/2000,Ecuador,73
01/01/2000,Egypt,69
01/01/2000,El Salvador,70
01/01/2000,Fiji,68
01/01/2000,Finland,78
01/01/2000,France,79
01/01/2000,Gabon,60
01/01/2000,Germany,78
01/01/2000,Greece,79
01/01/2000,Guatemala,68
01/01/2000,Guyana,63
01/01/2000,Honduras,70
01/01/2000,Hong Kong,80
01/01/2000,Hungary,72
01/01/2000,Iceland,80
01/01/2000,Indonesia,67
01/01/2000,Iran,70
01/01/2000,Iraq,71
01/01/2000,Ireland,77
01/01/2000,Israel,79
01/01/2000,Italy,79
01/01/2000,Jamaica,70
01/01/2000,Japan,81
01/01/2000,Jordan,72
01/01/2000,Kuwait,73
01/01/2000,Luxembourg,78
01/01/2000,Malaysia,73
01/01/2000,Malta,77
01/01/2000,Mauritius,71
01/01/2000,Mexico,74
01/01/2000,Mongolia,63
01/01/2000,Namibia,55
01/01/2000,Netherlands,78
01/01/2000,New Zealand,78
01/01/2000,Norway,79
01/01/2000,Panama,75
01/01/2000,Paraguay,70
01/01/2000,Peru,71
01/01/2000,Philippines,67
01/01/2000,Poland,74
01/01/2000,Portugal,77
01/01/2000,Qatar,77
01/01/2000,Romania,70
01/01/2000,Saudi Arabia,72
01/01/2000,South Africa,56
01/01/2000,South Korea,76
01/01/2000,Spain,79
01/01/2000,Sri Lanka,71
01/01/2000,Sweden,80
01/01/2000,Switzerland,80
01/01/2000,Thailand,71
01/01/2000,Tonga,71
01/01/2000,Trinidad Tobago,69
01/01/2000,Tunisia,73
01/01/2000,Turkey,70
01/01/2000,UAE,74
01/01/2000,United Kingdom,78
01/01/2000,United States,77
01/01/2000,Uruguay,75
01/01/2000,Venezuela,72
01/01/2000,Vietnam,74
01/01/2001,Albania,75
01/01/2001,Algeria,69
01/01/2001,Argentina,74
01/01/2001,Australia,80
01/01/2001,Austria,78
01/01/2001,Bahrain,75
01/01/2001,Barbados,73
01/01/2001,Belgium,78
01/01/2001,Belize,71
01/01/2001,Bolivia,63
01/01/2001,Botswana,49
01/01/2001,Brazil,71
01/01/2001,Brunei,76
01/01/2001,Bulgaria,72
01/01/2001,Canada,79
01/01/2001,Chile,77
01/01/2001,China,73
01/01/2001,Colombia,71
01/01/2001,Costa Rica,78
01/01/2001,Cuba,77
01/01/2001,Cyprus,78
01/01/2001,Denmark,77
01/01/2001,Dominican Rep.,71
01/01/2001,Ecuador,74
01/01/2001,Egypt,69
01/01/2001,El Salvador,70
01/01/2001,Fiji,68
01/01/2001,Finland,78
01/01/2001,France,79
01/01/2001,Gabon,60
01/01/2001,Germany,78
01/01/2001,Greece,79
01/01/2001,Guatemala,68
01/01/2001,Guyana,63
01/01/2001,Honduras,71
01/01/2001,Hong Kong,81
01/01/2001,Hungary,72
01/01/2001,Iceland,80
01/01/2001,Indonesia,68
01/01/2001,Iran,70
01/01/2001,Iraq,71
01/01/2001,Ireland,77
01/01/2001,Israel,79
01/01/2001,Italy,80
01/01/2001,Jamaica,71
01/01/2001,Japan,81
01/01/2001,Jordan,72
01/01/2001,Kuwait,73
01/01/2001,Luxembourg,78
01/01/2001,Malaysia,73
01/01/2001,Malta,78
01/01/2001,Mauritius,72
01/01/2001,Mexico,75
01/01/2001,Mongolia,63
01/01/2001,Namibia,54
01/01/2001,Netherlands,78
01/01/2001,New Zealand,79
01/01/2001,Norway,79
01/01/2001,Panama,75
01/01/2001,Paraguay,70
01/01/2001,Peru,71
01/01/2001,Philippines,67
01/01/2001,Poland,74
01/01/2001,Portugal,77
01/01/2001,Qatar,77
01/01/2001,Romania,71
01/01/2001,Saudi Arabia,73
01/01/2001,South Africa,55
01/01/2001,South Korea,77
01/01/2001,Spain,79
01/01/2001,Sri Lanka,72
01/01/2001,Sweden,80
01/01/2001,Switzerland,80
01/01/2001,Thailand,71
01/01/2001,Tonga,71
01/01/2001,Trinidad Tobago,69
01/01/2001,Tunisia,73
01/01/2001,Turkey,71
01/01/2001,UAE,74
01/01/2001,United Kingdom,78
01/01/2001,United States,77
01/01/2001,Uruguay,75
01/01/2001,Venezuela,73
01/01/2001,Vietnam,74
01/01/2002,Albania,75
01/01/2002,Algeria,69
01/01/2002,Argentina,74
01/01/2002,Australia,80
01/01/2002,Austria,79
01/01/2002,Bahrain,75
01/01/2002,Barbados,73
01/01/2002,Belgium,78
01/01/2002,Belize,71
01/01/2002,Bolivia,64
01/01/2002,Botswana,49
01/01/2002,Brazil,71
01/01/2002,Brunei,76
01/01/2002,Bulgaria,72
01/01/2002,Canada,80
01/01/2002,Chile,78
01/01/2002,China,73
01/01/2002,Colombia,72
01/01/2002,Costa Rica,78
01/01/2002,Cuba,77
01/01/2002,Cyprus,78
01/01/2002,Denmark,77
01/01/2002,Dominican Rep.,71
01/01/2002,Ecuador,74
01/01/2002,Egypt,69
01/01/2002,El Salvador,70
01/01/2002,Fiji,68
01/01/2002,Finland,78
01/01/2002,France,79
01/01/2002,Gabon,59
01/01/2002,Germany,78
01/01/2002,Greece,79
01/01/2002,Guatemala,69
01/01/2002,Guyana,64
01/01/2002,Honduras,71
01/01/2002,Hong Kong,81
01/01/2002,Hungary,72
01/01/2002,Iceland,80
01/01/2002,Indonesia,68
01/01/2002,Iran,70
01/01/2002,Iraq,70
01/01/2002,Ireland,77
01/01/2002,Israel,79
01/01/2002,Italy,80
01/01/2002,Jamaica,71
01/01/2002,Japan,82
01/01/2002,Jordan,72
01/01/2002,Kuwait,73
01/01/2002,Luxembourg,78
01/01/2002,Malaysia,73
01/01/2002,Malta,78
01/01/2002,Mauritius,72
01/01/2002,Mexico,75
01/01/2002,Mongolia,64
01/01/2002,Namibia,54
01/01/2002,Netherlands,79
01/01/2002,New Zealand,79
01/01/2002,Norway,79
01/01/2002,Panama,75
01/01/2002,Paraguay,71
01/01/2002,Peru,71
01/01/2002,Philippines,67
01/01/2002,Poland,74
01/01/2002,Portugal,77
01/01/2002,Qatar,77
01/01/2002,Romania,71
01/01/2002,Saudi Arabia,73
01/01/2002,South Africa,54
01/01/2002,South Korea,77
01/01/2002,Spain,80
01/01/2002,Sri Lanka,73
01/01/2002,Sweden,80
01/01/2002,Switzerland,80
01/01/2002,Thailand,71
01/01/2002,Tonga,71
01/01/2002,Trinidad Tobago,69
01/01/2002,Tunisia,74
01/01/2002,Turkey,71
01/01/2002,UAE,75
01/01/2002,United Kingdom,78
01/01/2002,United States,77
01/01/2002,Uruguay,75
01/01/2002,Venezuela,73
01/01/2002,Vietnam,74
01/01/2003,Albania,75
01/01/2003,Algeria,70
01/01/2003,Argentina,74
01/01/2003,Australia,81
01/01/2003,Austria,79
01/01/2003,Bahrain,75
01/01/2003,Barbados,74
01/01/2003,Belgium,78
01/01/2003,Belize,71
01/01/2003,Bolivia,64
01/01/2003,Botswana,51
01/01/2003,Brazil,71
01/01/2003,Brunei,77
01/01/2003,Bulgaria,72
01/01/2003,Canada,80
01/01/2003,Chile,78
01/01/2003,China,73
01/01/2003,Colombia,72
01/01/2003,Costa Rica,78
01/01/2003,Cuba,77
01/01/2003,Cyprus,78
01/01/2003,Denmark,77
01/01/2003,Dominican Rep.,71
01/01/2003,Ecuador,74
01/01/2003,Egypt,69
01/01/2003,El Salvador,70
01/01/2003,Fiji,68
01/01/2003,Finland,78
01/01/2003,France,80
01/01/2003,Gabon,60
01/01/2003,Germany,79
01/01/2003,Greece,79
01/01/2003,Guatemala,69
01/01/2003,Guyana,64
01/01/2003,Honduras,71
01/01/2003,Hong Kong,81
01/01/2003,Hungary,73
01/01/2003,Iceland,81
01/01/2003,Indonesia,68
01/01/2003,Iran,71
01/01/2003,Iraq,70
01/01/2003,Ireland,78
01/01/2003,Israel,80
01/01/2003,Italy,80
01/01/2003,Jamaica,71
01/01/2003,Japan,82
01/01/2003,Jordan,72
01/01/2003,Kuwait,73
01/01/2003,Luxembourg,78
01/01/2003,Malaysia,73
01/01/2003,Malta,78
01/01/2003,Mauritius,72
01/01/2003,Mexico,75
01/01/2003,Mongolia,64
01/01/2003,Namibia,54
01/01/2003,Netherlands,79
01/01/2003,New Zealand,79
01/01/2003,Norway,79
01/01/2003,Panama,76
01/01/2003,Paraguay,71
01/01/2003,Peru,72
01/01/2003,Philippines,67
01/01/2003,Poland,75
01/01/2003,Portugal,77
01/01/2003,Qatar,77
01/01/2003,Romania,72
01/01/2003,Saudi Arabia,73
01/01/2003,South Africa,53
01/01/2003,South Korea,78
01/01/2003,Spain,80
01/01/2003,Sri Lanka,73
01/01/2003,Sweden,80
01/01/2003,Switzerland,81
01/01/2003,Thailand,72
01/01/2003,Tonga,71
01/01/2003,Trinidad Tobago,69
01/01/2003,Tunisia,74
01/01/2003,Turkey,72
01/01/2003,UAE,75
01/01/2003,United Kingdom,78
01/01/2003,United States,77
01/01/2003,Uruguay,75
01/01/2003,Venezuela,73
01/01/2003,Vietnam,74
01/01/2004,Albania,76
01/01/2004,Algeria,70
01/01/2004,Argentina,75
01/01/2004,Australia,81
01/01/2004,Austria,79
01/01/2004,Bahrain,75
01/01/2004,Barbados,74
01/01/2004,Belgium,79
01/01/2004,Belize,72
01/01/2004,Bolivia,64
01/01/2004,Botswana,52
01/01/2004,Brazil,71
01/01/2004,Brunei,77
01/01/2004,Bulgaria,72
01/01/2004,Canada,80
01/01/2004,Chile,78
01/01/2004,China,74
01/01/2004,Colombia,72
01/01/2004,Costa Rica,78
01/01/2004,Cuba,78
01/01/2004,Cyprus,79
01/01/2004,Denmark,78
01/01/2004,Dominican Rep.,71
01/01/2004,Ecuador,74
01/01/2004,Egypt,69
01/01/2004,El Salvador,71
01/01/2004,Fiji,68
01/01/2004,Finland,79
01/01/2004,France,80
01/01/2004,Gabon,60
01/01/2004,Germany,79
01/01/2004,Greece,79
01/01/2004,Guatemala,69
01/01/2004,Guyana,64
01/01/2004,Honduras,71
01/01/2004,Hong Kong,82
01/01/2004,Hungary,73
01/01/2004,Iceland,81
01/01/2004,Indonesia,69
01/01/2004,Iran,71
01/01/2004,Iraq,70
01/01/2004,Ireland,78
01/01/2004,Israel,80
01/01/2004,Italy,81
01/01/2004,Jamaica,71
01/01/2004,Japan,82
01/01/2004,Jordan,72
01/01/2004,Kuwait,73
01/01/2004,Luxembourg,79
01/01/2004,Malaysia,73
01/01/2004,Malta,78
01/01/2004,Mauritius,72
01/01/2004,Mexico,75
01/01/2004,Mongolia,65
01/01/2004,Namibia,55
01/01/2004,Netherlands,79
01/01/2004,New Zealand,79
01/01/2004,Norway,80
01/01/2004,Panama,76
01/01/2004,Paraguay,71
01/01/2004,Peru,72
01/01/2004,Philippines,67
01/01/2004,Poland,75
01/01/2004,Portugal,78
01/01/2004,Qatar,77
01/01/2004,Romania,72
01/01/2004,Saudi Arabia,74
01/01/2004,South Africa,52
01/01/2004,South Korea,78
01/01/2004,Spain,80
01/01/2004,Sri Lanka,73
01/01/2004,Sweden,80
01/01/2004,Switzerland,81
01/01/2004,Thailand,72
01/01/2004,Tonga,71
01/01/2004,Trinidad Tobago,69
01/01/2004,Tunisia,74
01/01/2004,Turkey,72
01/01/2004,UAE,75
01/01/2004,United Kingdom,79
01/01/2004,United States,77
01/01/2004,Uruguay,76
01/01/2004,Venezuela,73
01/01/2004,Vietnam,75
01/01/2005,Albania,76
01/01/2005,Algeria,70
01/01/2005,Argentina,75
01/01/2005,Australia,81
01/01/2005,Austria,79
01/01/2005,Bahrain,75
01/01/2005,Barbados,74
01/01/2005,Belgium,79
01/01/2005,Belize,72
01/01/2005,Bolivia,65
01/01/2005,Botswana,55
01/01/2005,Brazil,72
01/01/2005,Brunei,77
01/01/2005,Bulgaria,73
01/01/2005,Canada,80
01/01/2005,Chile,78
01/01/2005,China,74
01/01/2005,Colombia,72
01/01/2005,Costa Rica,78
01/01/2005,Cuba,78
01/01/2005,Cyprus,79
01/01/2005,Denmark,78
01/01/2005,Dominican Rep.,72
01/01/2005,Ecuador,75
01/01/2005,Egypt,69
01/01/2005,El Salvador,71
01/01/2005,Fiji,68
01/01/2005,Finland,79
01/01/2005,France,80
01/01/2005,Gabon,60
01/01/2005,Germany,79
01/01/2005,Greece,79
01/01/2005,Guatemala,70
01/01/2005,Guyana,64
01/01/2005,Honduras,71
01/01/2005,Hong Kong,82
01/01/2005,Hungary,73
01/01/2005,Iceland,81
01/01/2005,Indonesia,69
01/01/2005,Iran,71
01/01/2005,Iraq,69
01/01/2005,Ireland,79
01/01/2005,Israel,80
01/01/2005,Italy,81
01/01/2005,Jamaica,71
01/01/2005,Japan,82
01/01/2005,Jordan,73
01/01/2005,Kuwait,74
01/01/2005,Luxembourg,79
01/01/2005,Malaysia,74
01/01/2005,Malta,78
01/01/2005,Mauritius,72
01/01/2005,Mexico,76
01/01/2005,Mongolia,65
01/01/2005,Namibia,56
01/01/2005,Netherlands,79
01/01/2005,New Zealand,80
01/01/2005,Norway,80
01/01/2005,Panama,76
01/01/2005,Paraguay,71
01/01/2005,Peru,72
01/01/2005,Philippines,67
01/01/2005,Poland,75
01/01/2005,Portugal,78
01/01/2005,Qatar,77
01/01/2005,Romania,72
01/01/2005,Saudi Arabia,74
01/01/2005,South Africa,52
01/01/2005,South Korea,79
01/01/2005,Spain,80
01/01/2005,Sri Lanka,74
01/01/2005,Sweden,81
01/01/2005,Switzerland,81
01/01/2005,Thailand,72
01/01/2005,Tonga,71
01/01/2005,Trinidad Tobago,69
01/01/2005,Tunisia,74
01/01/2005,Turkey,72
01/01/2005,UAE,75
01/01/2005,United Kingdom,79
01/01/2005,United States,78
01/01/2005,Uruguay,76
01/01/2005,Venezuela,73
01/01/2005,Vietnam,75
01/01/2006,Albania,76
01/01/2006,Algeria,70
01/01/2006,Argentina,75
01/01/2006,Australia,81
01/01/2006,Austria,80
01/01/2006,Bahrain,76
01/01/2006,Barbados,74
01/01/2006,Belgium,79
01/01/2006,Belize,72
01/01/2006,Bolivia,65
01/01/2006,Botswana,57
01/01/2006,Brazil,72
01/01/2006,Brunei,77
01/01/2006,Bulgaria,73
01/01/2006,Canada,80
01/01/2006,Chile,78
01/01/2006,China,74
01/01/2006,Colombia,73
01/01/2006,Costa Rica,79
01/01/2006,Cuba,78
01/01/2006,Cyprus,79
01/01/2006,Denmark,78
01/01/2006,Dominican Rep.,72
01/01/2006,Ecuador,75
01/01/2006,Egypt,70
01/01/2006,El Salvador,71
01/01/2006,Fiji,69
01/01/2006,Finland,79
01/01/2006,France,80
01/01/2006,Gabon,60
01/01/2006,Germany,79
01/01/2006,Greece,80
01/01/2006,Guatemala,70
01/01/2006,Guyana,65
01/01/2006,Honduras,72
01/01/2006,Hong Kong,82
01/01/2006,Hungary,74
01/01/2006,Iceland,81
01/01/2006,Indonesia,69
01/01/2006,Iran,72
01/01/2006,Iraq,69
01/01/2006,Ireland,79
01/01/2006,Israel,80
01/01/2006,Italy,81
01/01/2006,Jamaica,72
01/01/2006,Japan,82
01/01/2006,Jordan,73
01/01/2006,Kuwait,74
01/01/2006,Luxembourg,79
01/01/2006,Malaysia,74
01/01/2006,Malta,79
01/01/2006,Mauritius,73
01/01/2006,Mexico,76
01/01/2006,Mongolia,66
01/01/2006,Namibia,57
01/01/2006,Netherlands,80
01/01/2006,New Zealand,80
01/01/2006,Norway,80
01/01/2006,Panama,76
01/01/2006,Paraguay,72
01/01/2006,Peru,73
01/01/2006,Philippines,68
01/01/2006,Poland,75
01/01/2006,Portugal,78
01/01/2006,Qatar,77
01/01/2006,Romania,73
01/01/2006,Saudi Arabia,74
01/01/2006,South Africa,52
01/01/2006,South Korea,79
01/01/2006,Spain,81
01/01/2006,Sri Lanka,74
01/01/2006,Sweden,81
01/01/2006,Switzerland,81
01/01/2006,Thailand,73
01/01/2006,Tonga,72
01/01/2006,Trinidad Tobago,69
01/01/2006,Tunisia,74
01/01/2006,Turkey,73
01/01/2006,UAE,76
01/01/2006,United Kingdom,79
01/01/2006,United States,78
01/01/2006,Uruguay,76
01/01/2006,Venezuela,73
01/01/2006,Vietnam,75
01/01/2007,Albania,76
01/01/2007,Algeria,70
01/01/2007,Argentina,75
01/01/2007,Australia,82
01/01/2007,Austria,80
01/01/2007,Bahrain,76
01/01/2007,Barbados,74
01/01/2007,Belgium,79
01/01/2007,Belize,73
01/01/2007,Bolivia,65
01/01/2007,Botswana,59
01/01/2007,Brazil,72
01/01/2007,Brunei,77
01/01/2007,Bulgaria,73
01/01/2007,Canada,80
01/01/2007,Chile,79
01/01/2007,China,74
01/01/2007,Colombia,73
01/01/2007,Costa Rica,79
01/01/2007,Cuba,78
01/01/2007,Cyprus,79
01/01/2007,Denmark,78
01/01/2007,Dominican Rep.,72
01/01/2007,Ecuador,75
01/01/2007,Egypt,70
01/01/2007,El Salvador,71
01/01/2007,Fiji,69
01/01/2007,Finland,79
01/01/2007,France,81
01/01/2007,Gabon,61
01/01/2007,Germany,80
01/01/2007,Greece,80
01/01/2007,Guatemala,70
01/01/2007,Guyana,65
01/01/2007,Honduras,72
01/01/2007,Hong Kong,82
01/01/2007,Hungary,74
01/01/2007,Iceland,81
01/01/2007,Indonesia,69
01/01/2007,Iran,72
01/01/2007,Iraq,69
01/01/2007,Ireland,79
01/01/2007,Israel,81
01/01/2007,Italy,81
01/01/2007,Jamaica,72
01/01/2007,Japan,83
01/01/2007,Jordan,73
01/01/2007,Kuwait,74
01/01/2007,Luxembourg,79
01/01/2007,Malaysia,74
01/01/2007,Malta,79
01/01/2007,Mauritius,73
01/01/2007,Mexico,76
01/01/2007,Mongolia,66
01/01/2007,Namibia,59
01/01/2007,Netherlands,80
01/01/2007,New Zealand,80
01/01/2007,Norway,80
01/01/2007,Panama,76
01/01/2007,Paraguay,72
01/01/2007,Peru,73
01/01/2007,Philippines,68
01/01/2007,Poland,75
01/01/2007,Portugal,79
01/01/2007,Qatar,78
01/01/2007,Romania,73
01/01/2007,Saudi Arabia,74
01/01/2007,South Africa,52
01/01/2007,South Korea,80
01/01/2007,Spain,81
01/01/2007,Sri Lanka,74
01/01/2007,Sweden,81
01/01/2007,Switzerland,82
01/01/2007,Thailand,73
01/01/2007,Tonga,72
01/01/2007,Trinidad Tobago,69
01/01/2007,Tunisia,75
01/01/2007,Turkey,73
01/01/2007,UAE,76
01/01/2007,United Kingdom,80
01/01/2007,United States,78
01/01/2007,Uruguay,76
01/01/2007,Venezuela,74
01/01/2007,Vietnam,75
01/01/2008,Albania,76
01/01/2008,Algeria,70
01/01/2008,Argentina,75
01/01/2008,Australia,82
01/01/2008,Austria,80
01/01/2008,Bahrain,76
01/01/2008,Barbados,75
01/01/2008,Belgium,80
01/01/2008,Belize,73
01/01/2008,Bolivia,66
01/01/2008,Botswana,61
01/01/2008,Brazil,73
01/01/2008,Brunei,78
01/01/2008,Bulgaria,73
01/01/2008,Canada,81
01/01/2008,Chile,79
01/01/2008,China,75
01/01/2008,Colombia,73
01/01/2008,Costa Rica,79
01/01/2008,Cuba,78
01/01/2008,Cyprus,79
01/01/2008,Denmark,79
01/01/2008,Dominican Rep.,72
01/01/2008,Ecuador,75
01/01/2008,Egypt,70
01/01/2008,El Salvador,71
01/01/2008,Fiji,69
01/01/2008,Finland,80
01/01/2008,France,81
01/01/2008,Gabon,61
01/01/2008,Germany,80
01/01/2008,Greece,80
01/01/2008,Guatemala,70
01/01/2008,Guyana,65
01/01/2008,Honduras,72
01/01/2008,Hong Kong,82
01/01/2008,Hungary,74
01/01/2008,Iceland,81
01/01/2008,Indonesia,70
01/01/2008,Iran,72
01/01/2008,Iraq,69
01/01/2008,Ireland,80
01/01/2008,Israel,81
01/01/2008,Italy,82
01/01/2008,Jamaica,72
01/01/2008,Japan,83
01/01/2008,Jordan,73
01/01/2008,Kuwait,74
01/01/2008,Luxembourg,80
01/01/2008,Malaysia,74
01/01/2008,Malta,79
01/01/2008,Mauritius,73
01/01/2008,Mexico,76
01/01/2008,Mongolia,66
01/01/2008,Namibia,60
01/01/2008,Netherlands,80
01/01/2008,New Zealand,80
01/01/2008,Norway,81
01/01/2008,Panama,77
01/01/2008,Paraguay,72
01/01/2008,Peru,73
01/01/2008,Philippines,68
01/01/2008,Poland,76
01/01/2008,Portugal,79
01/01/2008,Qatar,78
01/01/2008,Romania,73
01/01/2008,Saudi Arabia,74
01/01/2008,South Africa,53
01/01/2008,South Korea,80
01/01/2008,Spain,81
01/01/2008,Sri Lanka,74
01/01/2008,Sweden,81
01/01/2008,Switzerland,82
01/01/2008,Thailand,73
01/01/2008,Tonga,72
01/01/2008,Trinidad Tobago,69
01/01/2008,Tunisia,75
01/01/2008,Turkey,74
01/01/2008,UAE,76
01/01/2008,United Kingdom,80
01/01/2008,United States,78
01/01/2008,Uruguay,76
01/01/2008,Venezuela,74
01/01/2008,Vietnam,75
01/01/2009,Albania,77
01/01/2009,Algeria,70
01/01/2009,Argentina,76
01/01/2009,Australia,82
01/01/2009,Austria,80
01/01/2009,Bahrain,76
01/01/2009,Barbados,75
01/01/2009,Belgium,80
01/01/2009,Belize,73
01/01/2009,Bolivia,66
01/01/2009,Botswana,62
01/01/2009,Brazil,73
01/01/2009,Brunei,78
01/01/2009,Bulgaria,73
01/01/2009,Canada,81
01/01/2009,Chile,79
01/01/2009,China,75
01/01/2009,Colombia,73
01/01/2009,Costa Rica,79
01/01/2009,Cuba,79
01/01/2009,Cyprus,79
01/01/2009,Denmark,79
01/01/2009,Dominican Rep.,73
01/01/2009,Ecuador,75
01/01/2009,Egypt,70
01/01/2009,El Salvador,72
01/01/2009,Fiji,69
01/01/2009,Finland,80
01/01/2009,France,81
01/01/2009,Gabon,62
01/01/2009,Germany,80
01/01/2009,Greece,80
01/01/2009,Guatemala,71
01/01/2009,Guyana,66
01/01/2009,Honduras,73
01/01/2009,Hong Kong,83
01/01/2009,Hungary,74
01/01/2009,Iceland,82
01/01/2009,Indonesia,70
01/01/2009,Iran,73
01/01/2009,Iraq,69
01/01/2009,Ireland,80
01/01/2009,Israel,81
01/01/2009,Italy,82
01/01/2009,Jamaica,73
01/01/2009,Japan,83
01/01/2009,Jordan,73
01/01/2009,Kuwait,74
01/01/2009,Luxembourg,80
01/01/2009,Malaysia,74
01/01/2009,Malta,79
01/01/2009,Mauritius,73
01/01/2009,Mexico,77
01/01/2009,Mongolia,67
01/01/2009,Namibia,62
01/01/2009,Netherlands,80
01/01/2009,New Zealand,81
01/01/2009,Norway,81
01/01/2009,Panama,77
01/01/2009,Paraguay,72
01/01/2009,Peru,74
01/01/2009,Philippines,68
01/01/2009,Poland,76
01/01/2009,Portugal,79
01/01/2009,Qatar,78
01/01/2009,Romania,73
01/01/2009,Saudi Arabia,75
01/01/2009,South Africa,54
01/01/2009,South Korea,80
01/01/2009,Spain,81
01/01/2009,Sri Lanka,74
01/01/2009,Sweden,81
01/01/2009,Switzerland,82
01/01/2009,Thailand,74
01/01/2009,Tonga,72
01/01/2009,Trinidad Tobago,69
01/01/2009,Tunisia,75
01/01/2009,Turkey,74
01/01/2009,UAE,76
01/01/2009,United Kingdom,80
01/01/2009,United States,78
01/01/2009,Uruguay,77
01/01/2009,Venezuela,74
01/01/2009,Vietnam,75
01/01/2010,Albania,77
01/01/2010,Algeria,71
01/01/2010,Argentina,76
01/01/2010,Australia,82
01/01/2010,Austria,81
01/01/2010,Bahrain,76
01/01/2010,Barbados,75
01/01/2010,Belgium,80
01/01/2010,Belize,73
01/01/2010,Bolivia,66
01/01/2010,Botswana,63
01/01/2010,Brazil,73
01/01/2010,Brunei,78
01/01/2010,Bulgaria,73
01/01/2010,Canada,81
01/01/2010,Chile,79
01/01/2010,China,75
01/01/2010,Colombia,73
01/01/2010,Costa Rica,79
01/01/2010,Cuba,79
01/01/2010,Cyprus,79
01/01/2010,Denmark,79
01/01/2010,Dominican Rep.,73
01/01/2010,Ecuador,76
01/01/2010,Egypt,70
01/01/2010,El Salvador,72
01/01/2010,Fiji,69
01/01/2010,Finland,80
01/01/2010,France,81
01/01/2010,Gabon,62
01/01/2010,Germany,80
01/01/2010,Greece,80
01/01/2010,Guatemala,71
01/01/2010,Guyana,66
01/01/2010,Honduras,73
01/01/2010,Hong Kong,83
01/01/2010,Hungary,74
01/01/2010,Iceland,82
01/01/2010,Indonesia,70
01/01/2010,Iran,73
01/01/2010,Iraq,69
01/01/2010,Ireland,80
01/01/2010,Israel,81
01/01/2010,Italy,82
01/01/2010,Jamaica,73
01/01/2010,Japan,83
01/01/2010,Jordan,73
01/01/2010,Kuwait,74
01/01/2010,Luxembourg,80
01/01/2010,Malaysia,74
01/01/2010,Malta,79
01/01/2010,Mauritius,73
01/01/2010,Mexico,77
01/01/2010,Mongolia,67
01/01/2010,Namibia,63
01/01/2010,Netherlands,81
01/01/2010,New Zealand,81
01/01/2010,Norway,81
01/01/2010,Panama,77
01/01/2010,Paraguay,72
01/01/2010,Peru,74
01/01/2010,Philippines,68
01/01/2010,Poland,76
01/01/2010,Portugal,79
01/01/2010,Qatar,78
01/01/2010,Romania,73
01/01/2010,Saudi Arabia,75
01/01/2010,South Africa,55
01/01/2010,South Korea,81
01/01/2010,Spain,82
01/01/2010,Sri Lanka,74
01/01/2010,Sweden,81
01/01/2010,Switzerland,82
01/01/2010,Thailand,74
01/01/2010,Tonga,72
01/01/2010,Trinidad Tobago,70
01/01/2010,Tunisia,75
01/01/2010,Turkey,74
01/01/2010,UAE,76
01/01/2010,United Kingdom,80
01/01/2010,United States,79
01/01/2010,Uruguay,77
01/01/2010,Venezuela,74
01/01/2010,Vietnam,75
01/01/2011,Albania,77
01/01/2011,Algeria,71
01/01/2011,Argentina,76
01/01/2011,Australia,82
01/01/2011,Austria,81
01/01/2011,Bahrain,76
01/01/2011,Barbados,75
01/01/2011,Belgium,80
01/01/2011,Belize,73
01/01/2011,Bolivia,67
01/01/2011,Botswana,64
01/01/2011,Brazil,73
01/01/2011,Brunei,78
01/01/2011,Bulgaria,73
01/01/2011,Canada,81
01/01/2011,Chile,79
01/01/2011,China,75
01/01/2011,Colombia,74
01/01/2011,Costa Rica,79
01/01/2011,Cuba,79
01/01/2011,Cyprus,80
01/01/2011,Denmark,79
01/01/2011,Dominican Rep.,73
01/01/2011,Ecuador,76
01/01/2011,Egypt,71
01/01/2011,El Salvador,72
01/01/2011,Fiji,69
01/01/2011,Finland,80
01/01/2011,France,82
01/01/2011,Gabon,63
01/01/2011,Germany,80
01/01/2011,Greece,80
01/01/2011,Guatemala,71
01/01/2011,Guyana,66
01/01/2011,Honduras,73
01/01/2011,Hong Kong,83
01/01/2011,Hungary,74
01/01/2011,Iceland,82
01/01/2011,Indonesia,70
01/01/2011,Iran,73
01/01/2011,Iraq,69
01/01/2011,Ireland,80
01/01/2011,Israel,81
01/01/2011,Italy,82
01/01/2011,Jamaica,73
01/01/2011,Japan,83
01/01/2011,Jordan,74
01/01/2011,Kuwait,74
01/01/2011,Luxembourg,80
01/01/2011,Malaysia,75
01/01/2011,Malta,79
01/01/2011,Mauritius,73
01/01/2011,Mexico,77
01/01/2011,Mongolia,67
01/01/2011,Namibia,63
01/01/2011,Netherlands,81
01/01/2011,New Zealand,81
01/01/2011,Norway,81
01/01/2011,Panama,77
01/01/2011,Paraguay,72
01/01/2011,Peru,74
01/01/2011,Philippines,68
01/01/2011,Poland,76
01/01/2011,Portugal,80
01/01/2011,Qatar,78
01/01/2011,Romania,74
01/01/2011,Saudi Arabia,75
01/01/2011,South Africa,55
01/01/2011,South Korea,81
01/01/2011,Spain,82
01/01/2011,Sri Lanka,74
01/01/2011,Sweden,82
01/01/2011,Switzerland,82
01/01/2011,Thailand,74
01/01/2011,Tonga,72
01/01/2011,Trinidad Tobago,70
01/01/2011,Tunisia,75
01/01/2011,Turkey,75
01/01/2011,UAE,77
01/01/2011,United Kingdom,80
01/01/2011,United States,79
01/01/2011,Uruguay,77
01/01/2011,Venezuela,74
01/01/2011,Vietnam,76
01/01/2012,Albania,77
01/01/2012,Algeria,71
01/01/2012,Argentina,76
01/01/2012,Australia,82
01/01/2012,Austria,81
01/01/2012,Bahrain,76
01/01/2012,Barbados,75
01/01/2012,Belgium,80
01/01/2012,Belize,74
01/01/2012,Bolivia,67
01/01/2012,Botswana,64
01/01/2012,Brazil,74
01/01/2012,Brunei,78
01/01/2012,Bulgaria,73
01/01/2012,Canada,81
01/01/2012,Chile,80
01/01/2012,China,75
01/01/2012,Colombia,74
01/01/2012,Costa Rica,80
01/01/2012,Cuba,79
01/01/2012,Cyprus,80
01/01/2012,Denmark,79
01/01/2012,Dominican Rep.,73
01/01/2012,Ecuador,76
01/01/2012,Egypt,71
01/01/2012,El Salvador,72
01/01/2012,Fiji,70
01/01/2012,Finland,80
01/01/2012,France,82
01/01/2012,Gabon,63
01/01/2012,Germany,81
01/01/2012,Greece,81
01/01/2012,Guatemala,72
01/01/2012,Guyana,66
01/01/2012,Honduras,74
01/01/2012,Hong Kong,83
01/01/2012,Hungary,74
01/01/2012,Iceland,82
01/01/2012,Indonesia,71
01/01/2012,Iran,74
01/01/2012,Iraq,69
01/01/2012,Ireland,81
01/01/2012,Israel,82
01/01/2012,Italy,82
01/01/2012,Jamaica,73
01/01/2012,Japan,83
01/01/2012,Jordan,74
01/01/2012,Kuwait,74
01/01/2012,Luxembourg,80
01/01/2012,Malaysia,75
01/01/2012,Malta,80
01/01/2012,Mauritius,73
01/01/2012,Mexico,77
01/01/2012,Mongolia,67
01/01/2012,Namibia,64
01/01/2012,Netherlands,81
01/01/2012,New Zealand,81
01/01/2012,Norway,81
01/01/2012,Panama,77
01/01/2012,Paraguay,72
01/01/2012,Peru,75
01/01/2012,Philippines,69
01/01/2012,Poland,76
01/01/2012,Portugal,80
01/01/2012,Qatar,78
01/01/2012,Romania,74
01/01/2012,Saudi Arabia,75
01/01/2012,South Africa,56
01/01/2012,South Korea,81
01/01/2012,Spain,82
01/01/2012,Sri Lanka,74
01/01/2012,Sweden,82
01/01/2012,Switzerland,82
01/01/2012,Thailand,74
01/01/2012,Tonga,73
01/01/2012,Trinidad Tobago,70
01/01/2012,Tunisia,76
01/01/2012,Turkey,75
01/01/2012,UAE,77
01/01/2012,United Kingdom,80
01/01/2012,United States,79
01/01/2012,Uruguay,77
01/01/2012,Venezuela,74
01/01/2012,Vietnam,76
01/01/2013,Albania,77
01/01/2013,Algeria,71
01/01/2013,Argentina,76
01/01/2013,Australia,82
01/01/2013,Austria,81
01/01/2013,Bahrain,77
01/01/2013,Barbados,75
01/01/2013,Belgium,81
01/01/2013,Belize,74
01/01/2013,Bolivia,67
01/01/2013,Botswana,64
01/01/2013,Brazil,74
01/01/2013,Brunei,79
01/01/2013,Bulgaria,74
01/01/2013,Canada,81
01/01/2013,Chile,80
01/01/2013,China,75
01/01/2013,Colombia,74
01/01/2013,Costa Rica,80
01/01/2013,Cuba,79
01/01/2013,Cyprus,80
01/01/2013,Denmark,79
01/01/2013,Dominican Rep.,73
01/01/2013,Ecuador,76
01/01/2013,Egypt,71
01/01/2013,El Salvador,73
01/01/2013,Fiji,70
01/01/2013,Finland,81
01/01/2013,France,82
01/01/2013,Gabon,63
01/01/2013,Germany,81
01/01/2013,Greece,81
01/01/2013,Guatemala,72
01/01/2013,Guyana,66
01/01/2013,Honduras,74
01/01/2013,Hong Kong,83
01/01/2013,Hungary,75
01/01/2013,Iceland,82
01/01/2013,Indonesia,71
01/01/2013,Iran,74
01/01/2013,Iraq,69
01/01/2013,Ireland,81
01/01/2013,Israel,82
01/01/2013,Italy,82
01/01/2013,Jamaica,74
01/01/2013,Japan,84
01/01/2013,Jordan,74
01/01/2013,Kuwait,74
01/01/2013,Luxembourg,81
01/01/2013,Malaysia,75
01/01/2013,Malta,80
01/01/2013,Mauritius,74
01/01/2013,Mexico,78
01/01/2013,Mongolia,68
01/01/2013,Namibia,64
01/01/2013,Netherlands,81
01/01/2013,New Zealand,81
01/01/2013,Norway,82
01/01/2013,Panama,78
01/01/2013,Paraguay,72
01/01/2013,Peru,75
01/01/2013,Philippines,69
01/01/2013,Poland,76
01/01/2013,Portugal,80
01/01/2013,Qatar,78
01/01/2013,Romania,74
01/01/2013,Saudi Arabia,75
01/01/2013,South Africa,57
01/01/2013,South Korea,82
01/01/2013,Spain,82
01/01/2013,Sri Lanka,74
01/01/2013,Sweden,82
01/01/2013,Switzerland,83
01/01/2013,Thailand,74
01/01/2013,Tonga,73
01/01/2013,Trinidad Tobago,70
01/01/2013,Tunisia,76
01/01/2013,Turkey,75
01/01/2013,UAE,77
01/01/2013,United Kingdom,81
01/01/2013,United States,79
01/01/2013,Uruguay,77
01/01/2013,Venezuela,75
01/01/2013,Vietnam,76
