Club,Season,Position
Arsenal,01/08/1914,25
Arsenal,01/08/1915,25
Arsenal,01/08/1916,25
Arsenal,01/08/1917,25
Arsenal,01/08/1918,25
Arsenal,01/08/1919,10
Arsenal,01/08/1920,9
Arsenal,01/08/1921,17
Arsenal,01/08/1922,11
Arsenal,01/08/1923,19
Arsenal,01/08/1924,20
Arsenal,01/08/1925,2
Arsenal,01/08/1926,11
Arsenal,01/08/1927,10
Arsenal,01/08/1928,9
Arsenal,01/08/1929,14
Arsenal,01/08/1930,1
Arsenal,01/08/1931,2
Arsenal,01/08/1932,1
Arsenal,01/08/1933,1
Arsenal,01/08/1934,1
Arsenal,01/08/1935,6
Arsenal,01/08/1936,3
Arsenal,01/08/1937,1
Arsenal,01/08/1938,5
Arsenal,01/08/1939,5
Arsenal,01/08/1940,5
Arsenal,01/08/1941,5
Arsenal,01/08/1942,5
Arsenal,01/08/1943,5
Arsenal,01/08/1944,5
Arsenal,01/08/1945,5
Arsenal,01/08/1946,13
Arsenal,01/08/1947,1
Arsenal,01/08/1948,5
Arsenal,01/08/1949,6
Arsenal,01/08/1950,5
Arsenal,01/08/1951,3
Arsenal,01/08/1952,1
Arsenal,01/08/1953,12
Arsenal,01/08/1954,9
Arsenal,01/08/1955,5
Arsenal,01/08/1956,5
Arsenal,01/08/1957,12
Arsenal,01/08/1958,3
Arsenal,01/08/1959,13
Arsenal,01/08/1960,11
Arsenal,01/08/1961,10
Arsenal,01/08/1962,7
Arsenal,01/08/1963,8
Arsenal,01/08/1964,13
Arsenal,01/08/1965,14
Arsenal,01/08/1966,7
Arsenal,01/08/1967,9
Arsenal,01/08/1968,4
Arsenal,01/08/1969,12
Arsenal,01/08/1970,1
Arsenal,01/08/1971,5
Arsenal,01/08/1972,2
Arsenal,01/08/1973,10
Arsenal,01/08/1974,16
Arsenal,01/08/1975,17
Arsenal,01/08/1976,8
Arsenal,01/08/1977,5
Arsenal,01/08/1978,7
Arsenal,01/08/1979,4
Arsenal,01/08/1980,3
Arsenal,01/08/1981,5
Arsenal,01/08/1982,10
Arsenal,01/08/1983,6
Arsenal,01/08/1984,7
Arsenal,01/08/1985,7
Arsenal,01/08/1986,4
Arsenal,01/08/1987,6
Arsenal,01/08/1988,1
Arsenal,01/08/1989,4
Arsenal,01/08/1990,1
Arsenal,01/08/1991,4
Arsenal,01/08/1992,10
Arsenal,01/08/1993,4
Arsenal,01/08/1994,12
Arsenal,01/08/1995,5
Arsenal,01/08/1996,3
Arsenal,01/08/1997,1
Arsenal,01/08/1998,2
Arsenal,01/08/1999,2
Arsenal,01/08/2000,2
Arsenal,01/08/2001,1
Arsenal,01/08/2002,2
Arsenal,01/08/2003,1
Arsenal,01/08/2004,2
Arsenal,01/08/2005,4
Arsenal,01/08/2006,4
Arsenal,01/08/2007,3
Arsenal,01/08/2008,4
Arsenal,01/08/2009,3
Arsenal,01/08/2010,4
Arsenal,01/08/2011,3
Arsenal,01/08/2012,4
Arsenal,01/08/2013,4
Bournemouth,01/08/1971,47
Bournemouth,01/08/1972,51
Bournemouth,01/08/1973,55
Bournemouth,01/08/1974,65
Bournemouth,01/08/1976,81
Bournemouth,01/08/1977,85
Bournemouth,01/08/1978,86
Bournemouth,01/08/1979,79
Bournemouth,01/08/1980,81
Bournemouth,01/08/1981,72
Bournemouth,01/08/1982,58
Bournemouth,01/08/1983,61
Bournemouth,01/08/1984,54
Bournemouth,01/08/1985,59
Bournemouth,01/08/1986,45
Bournemouth,01/08/1987,38
Bournemouth,01/08/1988,32
Bournemouth,01/08/1989,42
Bournemouth,01/08/1990,53
Bournemouth,01/08/1991,54
Bournemouth,01/08/1992,63
Bournemouth,01/08/1993,63
Bournemouth,01/08/1994,65
Bournemouth,01/08/1995,58
Bournemouth,01/08/1996,60
Bournemouth,01/08/1997,53
Bournemouth,01/08/2000,51
Bournemouth,01/08/2001,65
Bournemouth,01/08/2002,72
Bournemouth,01/08/2004,52
Bournemouth,01/08/2005,61
Bournemouth,01/08/2006,63
Bournemouth,01/08/2007,65
Bournemouth,01/08/2008,89
Bournemouth,01/08/2009,70
Bournemouth,01/08/2010,50
Bournemouth,01/08/2011,55
Bournemouth,01/08/2012,46
Bournemouth,01/08/2013,30
Burnley,01/08/1900,21
Burnley,01/08/1901,27
Burnley,01/08/1902,36
Burnley,01/08/1903,23
Burnley,01/08/1904,29
Burnley,01/08/1905,29
Burnley,01/08/1906,27
Burnley,01/08/1907,27
Burnley,01/08/1908,34
Burnley,01/08/1909,34
Burnley,01/08/1910,28
Burnley,01/08/1911,23
Burnley,01/08/1912,22
Burnley,01/08/1913,12
Burnley,01/08/1914,4
Burnley,01/08/1915,4
Burnley,01/08/1916,4
Burnley,01/08/1917,4
Burnley,01/08/1918,4
Burnley,01/08/1919,2
Burnley,01/08/1920,1
Burnley,01/08/1921,3
Burnley,01/08/1922,15
Burnley,01/08/1923,17
Burnley,01/08/1924,19
Burnley,01/08/1925,20
Burnley,01/08/1926,5
Burnley,01/08/1927,19
Burnley,01/08/1928,19
Burnley,01/08/1929,21
Burnley,01/08/1930,30
Burnley,01/08/1931,41
Burnley,01/08/1932,41
Burnley,01/08/1933,35
Burnley,01/08/1934,34
Burnley,01/08/1935,37
Burnley,01/08/1936,35
Burnley,01/08/1937,28
Burnley,01/08/1938,36
Burnley,01/08/1939,36
Burnley,01/08/1940,36
Burnley,01/08/1941,36
Burnley,01/08/1942,36
Burnley,01/08/1943,36
Burnley,01/08/1944,36
Burnley,01/08/1945,36
Burnley,01/08/1946,24
Burnley,01/08/1947,3
Burnley,01/08/1948,15
Burnley,01/08/1949,10
Burnley,01/08/1950,10
Burnley,01/08/1951,14
Burnley,01/08/1952,6
Burnley,01/08/1953,7
Burnley,01/08/1954,10
Burnley,01/08/1955,7
Burnley,01/08/1956,7
Burnley,01/08/1957,6
Burnley,01/08/1958,7
Burnley,01/08/1959,1
Burnley,01/08/1960,4
Burnley,01/08/1961,2
Burnley,01/08/1962,3
Burnley,01/08/1963,9
Burnley,01/08/1964,12
Burnley,01/08/1965,3
Burnley,01/08/1966,14
Burnley,01/08/1967,14
Burnley,01/08/1968,14
Burnley,01/08/1969,14
Burnley,01/08/1970,21
Burnley,01/08/1971,29
Burnley,01/08/1972,23
Burnley,01/08/1973,6
Burnley,01/08/1974,10
Burnley,01/08/1975,21
Burnley,01/08/1976,38
Burnley,01/08/1977,33
Burnley,01/08/1978,35
Burnley,01/08/1979,43
Burnley,01/08/1980,52
Burnley,01/08/1981,45
Burnley,01/08/1982,43
Burnley,01/08/1983,56
Burnley,01/08/1984,65
Burnley,01/08/1985,82
Burnley,01/08/1986,90
Burnley,01/08/1987,78
Burnley,01/08/1988,84
Burnley,01/08/1989,84
Burnley,01/08/1990,74
Burnley,01/08/1991,71
Burnley,01/08/1992,59
Burnley,01/08/1993,52
Burnley,01/08/1994,44
Burnley,01/08/1995,61
Burnley,01/08/1996,53
Burnley,01/08/1997,64
Burnley,01/08/1998,59
Burnley,01/08/1999,46
Burnley,01/08/2000,27
Burnley,01/08/2001,27
Burnley,01/08/2002,36
Burnley,01/08/2003,39
Burnley,01/08/2004,33
Burnley,01/08/2005,37
Burnley,01/08/2006,35
Burnley,01/08/2007,33
Burnley,01/08/2008,25
Burnley,01/08/2009,18
Burnley,01/08/2010,28
Burnley,01/08/2011,33
Burnley,01/08/2012,31
Burnley,01/08/2013,22
Chelsea,01/08/1905,23
Chelsea,01/08/1906,22
Chelsea,01/08/1907,13
Chelsea,01/08/1908,11
Chelsea,01/08/1909,19
Chelsea,01/08/1910,23
Chelsea,01/08/1911,22
Chelsea,01/08/1912,18
Chelsea,01/08/1913,8
Chelsea,01/08/1914,19
Chelsea,01/08/1915,19
Chelsea,01/08/1916,19
Chelsea,01/08/1917,19
Chelsea,01/08/1918,19
Chelsea,01/08/1919,3
Chelsea,01/08/1920,18
Chelsea,01/08/1921,9
Chelsea,01/08/1922,19
Chelsea,01/08/1923,21
Chelsea,01/08/1924,27
Chelsea,01/08/1925,25
Chelsea,01/08/1926,26
Chelsea,01/08/1927,25
Chelsea,01/08/1928,31
Chelsea,01/08/1929,24
Chelsea,01/08/1930,12
Chelsea,01/08/1931,12
Chelsea,01/08/1932,18
Chelsea,01/08/1933,19
Chelsea,01/08/1934,12
Chelsea,01/08/1935,8
Chelsea,01/08/1936,13
Chelsea,01/08/1937,10
Chelsea,01/08/1938,20
Chelsea,01/08/1939,20
Chelsea,01/08/1940,20
Chelsea,01/08/1941,20
Chelsea,01/08/1942,20
Chelsea,01/08/1943,20
Chelsea,01/08/1944,20
Chelsea,01/08/1945,20
Chelsea,01/08/1946,15
Chelsea,01/08/1947,18
Chelsea,01/08/1948,13
Chelsea,01/08/1949,13
Chelsea,01/08/1950,20
Chelsea,01/08/1951,19
Chelsea,01/08/1952,19
Chelsea,01/08/1953,8
Chelsea,01/08/1954,1
Chelsea,01/08/1955,16
Chelsea,01/08/1956,13
Chelsea,01/08/1957,11
Chelsea,01/08/1958,14
Chelsea,01/08/1959,18
Chelsea,01/08/1960,12
Chelsea,01/08/1961,22
Chelsea,01/08/1962,24
Chelsea,01/08/1963,5
Chelsea,01/08/1964,3
Chelsea,01/08/1965,5
Chelsea,01/08/1966,9
Chelsea,01/08/1967,6
Chelsea,01/08/1968,5
Chelsea,01/08/1969,3
Chelsea,01/08/1970,6
Chelsea,01/08/1971,7
Chelsea,01/08/1972,12
Chelsea,01/08/1973,17
Chelsea,01/08/1974,21
Chelsea,01/08/1975,33
Chelsea,01/08/1976,24
Chelsea,01/08/1977,16
Chelsea,01/08/1978,22
Chelsea,01/08/1979,26
Chelsea,01/08/1980,34
Chelsea,01/08/1981,34
Chelsea,01/08/1982,40
Chelsea,01/08/1983,23
Chelsea,01/08/1984,6
Chelsea,01/08/1985,6
Chelsea,01/08/1986,14
Chelsea,01/08/1987,18
Chelsea,01/08/1988,21
Chelsea,01/08/1989,5
Chelsea,01/08/1990,11
Chelsea,01/08/1991,14
Chelsea,01/08/1992,11
Chelsea,01/08/1993,14
Chelsea,01/08/1994,11
Chelsea,01/08/1995,11
Chelsea,01/08/1996,6
Chelsea,01/08/1997,4
Chelsea,01/08/1998,3
Chelsea,01/08/1999,5
Chelsea,01/08/2000,6
Chelsea,01/08/2001,6
Chelsea,01/08/2002,4
Chelsea,01/08/2003,2
Chelsea,01/08/2004,1
Chelsea,01/08/2005,1
Chelsea,01/08/2006,2
Chelsea,01/08/2007,2
Chelsea,01/08/2008,3
Chelsea,01/08/2009,1
Chelsea,01/08/2010,2
Chelsea,01/08/2011,6
Chelsea,01/08/2012,3
Chelsea,01/08/2013,3
Crystal Palace,01/08/1920,45
Crystal Palace,01/08/1921,36
Crystal Palace,01/08/1922,38
Crystal Palace,01/08/1923,37
Crystal Palace,01/08/1924,43
Crystal Palace,01/08/1925,79
Crystal Palace,01/08/1926,72
Crystal Palace,01/08/1927,71
Crystal Palace,01/08/1928,68
Crystal Palace,01/08/1929,75
Crystal Palace,01/08/1930,68
Crystal Palace,01/08/1931,69
Crystal Palace,01/08/1932,71
Crystal Palace,01/08/1933,78
Crystal Palace,01/08/1934,71
Crystal Palace,01/08/1935,72
Crystal Palace,01/08/1936,80
Crystal Palace,01/08/1937,73
Crystal Palace,01/08/1938,68
Crystal Palace,01/08/1939,68
Crystal Palace,01/08/1940,68
Crystal Palace,01/08/1941,68
Crystal Palace,01/08/1942,68
Crystal Palace,01/08/1943,68
Crystal Palace,01/08/1944,68
Crystal Palace,01/08/1945,68
Crystal Palace,01/08/1946,84
Crystal Palace,01/08/1947,79
Crystal Palace,01/08/1948,88
Crystal Palace,01/08/1949,73
Crystal Palace,01/08/1950,92
Crystal Palace,01/08/1951,87
Crystal Palace,01/08/1952,81
Crystal Palace,01/08/1953,90
Crystal Palace,01/08/1954,88
Crystal Palace,01/08/1955,91
Crystal Palace,01/08/1956,88
Crystal Palace,01/08/1957,82
Crystal Palace,01/08/1958,75
Crystal Palace,01/08/1959,76
Crystal Palace,01/08/1960,70
Crystal Palace,01/08/1961,59
Crystal Palace,01/08/1962,55
Crystal Palace,01/08/1963,46
Crystal Palace,01/08/1964,29
Crystal Palace,01/08/1965,33
Crystal Palace,01/08/1966,29
Crystal Palace,01/08/1967,33
Crystal Palace,01/08/1968,24
Crystal Palace,01/08/1969,20
Crystal Palace,01/08/1970,18
Crystal Palace,01/08/1971,20
Crystal Palace,01/08/1972,21
Crystal Palace,01/08/1973,42
Crystal Palace,01/08/1974,49
Crystal Palace,01/08/1975,49
Crystal Palace,01/08/1976,47
Crystal Palace,01/08/1977,31
Crystal Palace,01/08/1978,23
Crystal Palace,01/08/1979,13
Crystal Palace,01/08/1980,22
Crystal Palace,01/08/1981,37
Crystal Palace,01/08/1982,37
Crystal Palace,01/08/1983,40
Crystal Palace,01/08/1984,37
Crystal Palace,01/08/1985,27
Crystal Palace,01/08/1986,28
Crystal Palace,01/08/1987,27
Crystal Palace,01/08/1988,23
Crystal Palace,01/08/1989,15
Crystal Palace,01/08/1990,3
Crystal Palace,01/08/1991,10
Crystal Palace,01/08/1992,20
Crystal Palace,01/08/1993,23
Crystal Palace,01/08/1994,19
Crystal Palace,01/08/1995,23
Crystal Palace,01/08/1996,26
Crystal Palace,01/08/1997,20
Crystal Palace,01/08/1998,34
Crystal Palace,01/08/1999,35
Crystal Palace,01/08/2000,41
Crystal Palace,01/08/2001,30
Crystal Palace,01/08/2002,34
Crystal Palace,01/08/2003,26
Crystal Palace,01/08/2004,18
Crystal Palace,01/08/2005,26
Crystal Palace,01/08/2006,32
Crystal Palace,01/08/2007,25
Crystal Palace,01/08/2008,35
Crystal Palace,01/08/2009,41
Crystal Palace,01/08/2010,40
Crystal Palace,01/08/2011,37
Crystal Palace,01/08/2012,25
Crystal Palace,01/08/2013,11
Everton,01/08/1900,7
Everton,01/08/1901,2
Everton,01/08/1902,12
Everton,01/08/1903,3
Everton,01/08/1904,2
Everton,01/08/1905,11
Everton,01/08/1906,3
Everton,01/08/1907,11
Everton,01/08/1908,2
Everton,01/08/1909,10
Everton,01/08/1910,4
Everton,01/08/1911,2
Everton,01/08/1912,11
Everton,01/08/1913,15
Everton,01/08/1914,1
Everton,01/08/1915,1
Everton,01/08/1916,1
Everton,01/08/1917,1
Everton,01/08/1918,1
Everton,01/08/1919,16
Everton,01/08/1920,7
Everton,01/08/1921,20
Everton,01/08/1922,5
Everton,01/08/1923,7
Everton,01/08/1924,17
Everton,01/08/1925,11
Everton,01/08/1926,20
Everton,01/08/1927,1
Everton,01/08/1928,18
Everton,01/08/1929,22
Everton,01/08/1930,23
Everton,01/08/1931,1
Everton,01/08/1932,11
Everton,01/08/1933,14
Everton,01/08/1934,8
Everton,01/08/1935,16
Everton,01/08/1936,17
Everton,01/08/1937,14
Everton,01/08/1938,1
Everton,01/08/1939,1
Everton,01/08/1940,1
Everton,01/08/1941,1
Everton,01/08/1942,1
Everton,01/08/1943,1
Everton,01/08/1944,1
Everton,01/08/1945,1
Everton,01/08/1946,10
Everton,01/08/1947,14
Everton,01/08/1948,18
Everton,01/08/1949,18
Everton,01/08/1950,22
Everton,01/08/1951,29
Everton,01/08/1952,38
Everton,01/08/1953,24
Everton,01/08/1954,11
Everton,01/08/1955,15
Everton,01/08/1956,15
Everton,01/08/1957,16
Everton,01/08/1958,16
Everton,01/08/1959,15
Everton,01/08/1960,5
Everton,01/08/1961,4
Everton,01/08/1962,1
Everton,01/08/1963,3
Everton,01/08/1964,4
Everton,01/08/1965,11
Everton,01/08/1966,6
Everton,01/08/1967,5
Everton,01/08/1968,3
Everton,01/08/1969,1
Everton,01/08/1970,14
Everton,01/08/1971,15
Everton,01/08/1972,17
Everton,01/08/1973,7
Everton,01/08/1974,4
Everton,01/08/1975,11
Everton,01/08/1976,9
Everton,01/08/1977,3
Everton,01/08/1978,4
Everton,01/08/1979,19
Everton,01/08/1980,15
Everton,01/08/1981,8
Everton,01/08/1982,7
Everton,01/08/1983,7
Everton,01/08/1984,1
Everton,01/08/1985,2
Everton,01/08/1986,1
Everton,01/08/1987,4
Everton,01/08/1988,8
Everton,01/08/1989,6
Everton,01/08/1990,9
Everton,01/08/1991,12
Everton,01/08/1992,13
Everton,01/08/1993,17
Everton,01/08/1994,15
Everton,01/08/1995,6
Everton,01/08/1996,15
Everton,01/08/1997,17
Everton,01/08/1998,14
Everton,01/08/1999,13
Everton,01/08/2000,16
Everton,01/08/2001,15
Everton,01/08/2002,7
Everton,01/08/2003,17
Everton,01/08/2004,4
Everton,01/08/2005,11
Everton,01/08/2006,6
Everton,01/08/2007,5
Everton,01/08/2008,5
Everton,01/08/2009,8
Everton,01/08/2010,7
Everton,01/08/2011,7
Everton,01/08/2012,6
Everton,01/08/2013,5
Hull City,01/08/1905,25
Hull City,01/08/1906,29
Hull City,01/08/1907,28
Hull City,01/08/1908,24
Hull City,01/08/1909,23
Hull City,01/08/1910,25
Hull City,01/08/1911,27
Hull City,01/08/1912,32
Hull City,01/08/1913,27
Hull City,01/08/1914,27
Hull City,01/08/1915,27
Hull City,01/08/1916,27
Hull City,01/08/1917,27
Hull City,01/08/1918,27
Hull City,01/08/1919,33
Hull City,01/08/1920,35
Hull City,01/08/1921,27
Hull City,01/08/1922,34
Hull City,01/08/1923,39
Hull City,01/08/1924,32
Hull City,01/08/1925,35
Hull City,01/08/1926,29
Hull City,01/08/1927,36
Hull City,01/08/1928,34
Hull City,01/08/1929,43
Hull City,01/08/1930,50
Hull City,01/08/1931,52
Hull City,01/08/1932,45
Hull City,01/08/1933,37
Hull City,01/08/1934,35
Hull City,01/08/1935,44
Hull City,01/08/1936,49
Hull City,01/08/1937,47
Hull City,01/08/1938,51
Hull City,01/08/1939,51
Hull City,01/08/1940,51
Hull City,01/08/1941,51
Hull City,01/08/1942,51
Hull City,01/08/1943,51
Hull City,01/08/1944,51
Hull City,01/08/1945,51
Hull City,01/08/1946,55
Hull City,01/08/1947,49
Hull City,01/08/1948,45
Hull City,01/08/1949,29
Hull City,01/08/1950,32
Hull City,01/08/1951,40
Hull City,01/08/1952,40
Hull City,01/08/1953,37
Hull City,01/08/1954,41
Hull City,01/08/1955,44
Hull City,01/08/1956,52
Hull City,01/08/1957,49
Hull City,01/08/1958,46
Hull City,01/08/1959,43
Hull City,01/08/1960,55
Hull City,01/08/1961,54
Hull City,01/08/1962,54
Hull City,01/08/1963,52
Hull City,01/08/1964,48
Hull City,01/08/1965,45
Hull City,01/08/1966,34
Hull City,01/08/1967,39
Hull City,01/08/1968,33
Hull City,01/08/1969,35
Hull City,01/08/1970,27
Hull City,01/08/1971,34
Hull City,01/08/1972,35
Hull City,01/08/1973,31
Hull City,01/08/1974,30
Hull City,01/08/1975,36
Hull City,01/08/1976,36
Hull City,01/08/1977,44
Hull City,01/08/1978,52
Hull City,01/08/1979,64
Hull City,01/08/1980,68
Hull City,01/08/1981,76
Hull City,01/08/1982,70
Hull City,01/08/1983,48
Hull City,01/08/1984,47
Hull City,01/08/1985,28
Hull City,01/08/1986,36
Hull City,01/08/1987,36
Hull City,01/08/1988,41
Hull City,01/08/1989,34
Hull City,01/08/1990,44
Hull City,01/08/1991,60
Hull City,01/08/1992,66
Hull City,01/08/1993,55
Hull City,01/08/1994,54
Hull City,01/08/1995,68
Hull City,01/08/1996,85
Hull City,01/08/1997,90
Hull City,01/08/1998,89
Hull City,01/08/1999,82
Hull City,01/08/2000,74
Hull City,01/08/2001,79
Hull City,01/08/2002,81
Hull City,01/08/2003,70
Hull City,01/08/2004,46
Hull City,01/08/2005,38
Hull City,01/08/2006,41
Hull City,01/08/2007,23
Hull City,01/08/2008,17
Hull City,01/08/2009,19
Hull City,01/08/2010,31
Hull City,01/08/2011,28
Hull City,01/08/2012,22
Hull City,01/08/2013,16
Leicester City,01/08/1919,36
Leicester City,01/08/1920,34
Leicester City,01/08/1921,31
Leicester City,01/08/1922,25
Leicester City,01/08/1923,34
Leicester City,01/08/1924,23
Leicester City,01/08/1925,17
Leicester City,01/08/1926,7
Leicester City,01/08/1927,3
Leicester City,01/08/1928,2
Leicester City,01/08/1929,8
Leicester City,01/08/1930,16
Leicester City,01/08/1931,19
Leicester City,01/08/1932,19
Leicester City,01/08/1933,17
Leicester City,01/08/1934,21
Leicester City,01/08/1935,28
Leicester City,01/08/1936,23
Leicester City,01/08/1937,16
Leicester City,01/08/1938,22
Leicester City,01/08/1939,22
Leicester City,01/08/1940,22
Leicester City,01/08/1941,22
Leicester City,01/08/1942,22
Leicester City,01/08/1943,22
Leicester City,01/08/1944,22
Leicester City,01/08/1945,22
Leicester City,01/08/1946,31
Leicester City,01/08/1947,31
Leicester City,01/08/1948,41
Leicester City,01/08/1949,37
Leicester City,01/08/1950,36
Leicester City,01/08/1951,27
Leicester City,01/08/1952,27
Leicester City,01/08/1953,23
Leicester City,01/08/1954,21
Leicester City,01/08/1955,27
Leicester City,01/08/1956,23
Leicester City,01/08/1957,18
Leicester City,01/08/1958,19
Leicester City,01/08/1959,12
Leicester City,01/08/1960,6
Leicester City,01/08/1961,14
Leicester City,01/08/1962,4
Leicester City,01/08/1963,11
Leicester City,01/08/1964,18
Leicester City,01/08/1965,7
Leicester City,01/08/1966,8
Leicester City,01/08/1967,13
Leicester City,01/08/1968,21
Leicester City,01/08/1969,25
Leicester City,01/08/1970,23
Leicester City,01/08/1971,12
Leicester City,01/08/1972,16
Leicester City,01/08/1973,9
Leicester City,01/08/1974,18
Leicester City,01/08/1975,7
Leicester City,01/08/1976,11
Leicester City,01/08/1977,22
Leicester City,01/08/1978,39
Leicester City,01/08/1979,23
Leicester City,01/08/1980,21
Leicester City,01/08/1981,30
Leicester City,01/08/1982,25
Leicester City,01/08/1983,15
Leicester City,01/08/1984,15
Leicester City,01/08/1985,19
Leicester City,01/08/1986,20
Leicester City,01/08/1987,34
Leicester City,01/08/1988,35
Leicester City,01/08/1989,33
Leicester City,01/08/1990,42
Leicester City,01/08/1991,26
Leicester City,01/08/1992,28
Leicester City,01/08/1993,26
Leicester City,01/08/1994,21
Leicester City,01/08/1995,25
Leicester City,01/08/1996,9
Leicester City,01/08/1997,10
Leicester City,01/08/1998,10
Leicester City,01/08/1999,8
Leicester City,01/08/2000,13
Leicester City,01/08/2001,20
Leicester City,01/08/2002,22
Leicester City,01/08/2003,18
Leicester City,01/08/2004,35
Leicester City,01/08/2005,36
Leicester City,01/08/2006,39
Leicester City,01/08/2007,42
Leicester City,01/08/2008,45
Leicester City,01/08/2009,25
Leicester City,01/08/2010,30
Leicester City,01/08/2011,29
Leicester City,01/08/2012,26
Leicester City,01/08/2013,21
Liverpool,01/08/1900,1
Liverpool,01/08/1901,11
Liverpool,01/08/1902,5
Liverpool,01/08/1903,17
Liverpool,01/08/1904,19
Liverpool,01/08/1905,1
Liverpool,01/08/1906,15
Liverpool,01/08/1907,8
Liverpool,01/08/1908,16
Liverpool,01/08/1909,2
Liverpool,01/08/1910,13
Liverpool,01/08/1911,17
Liverpool,01/08/1912,12
Liverpool,01/08/1913,16
Liverpool,01/08/1914,13
Liverpool,01/08/1915,13
Liverpool,01/08/1916,13
Liverpool,01/08/1917,13
Liverpool,01/08/1918,13
Liverpool,01/08/1919,4
Liverpool,01/08/1920,4
Liverpool,01/08/1921,1
Liverpool,01/08/1922,1
Liverpool,01/08/1923,12
Liverpool,01/08/1924,4
Liverpool,01/08/1925,7
Liverpool,01/08/1926,9
Liverpool,01/08/1927,16
Liverpool,01/08/1928,5
Liverpool,01/08/1929,12
Liverpool,01/08/1930,9
Liverpool,01/08/1931,10
Liverpool,01/08/1932,14
Liverpool,01/08/1933,18
Liverpool,01/08/1934,7
Liverpool,01/08/1935,19
Liverpool,01/08/1936,18
Liverpool,01/08/1937,11
Liverpool,01/08/1938,11
Liverpool,01/08/1939,11
Liverpool,01/08/1940,11
Liverpool,01/08/1941,11
Liverpool,01/08/1942,11
Liverpool,01/08/1943,11
Liverpool,01/08/1944,11
Liverpool,01/08/1945,11
Liverpool,01/08/1946,1
Liverpool,01/08/1947,11
Liverpool,01/08/1948,12
Liverpool,01/08/1949,8
Liverpool,01/08/1950,9
Liverpool,01/08/1951,11
Liverpool,01/08/1952,17
Liverpool,01/08/1953,22
Liverpool,01/08/1954,33
Liverpool,01/08/1955,25
Liverpool,01/08/1956,25
Liverpool,01/08/1957,26
Liverpool,01/08/1958,26
Liverpool,01/08/1959,25
Liverpool,01/08/1960,25
Liverpool,01/08/1961,23
Liverpool,01/08/1962,8
Liverpool,01/08/1963,1
Liverpool,01/08/1964,7
Liverpool,01/08/1965,1
Liverpool,01/08/1966,5
Liverpool,01/08/1967,3
Liverpool,01/08/1968,2
Liverpool,01/08/1969,5
Liverpool,01/08/1970,5
Liverpool,01/08/1971,3
Liverpool,01/08/1972,1
Liverpool,01/08/1973,2
Liverpool,01/08/1974,2
Liverpool,01/08/1975,1
Liverpool,01/08/1976,1
Liverpool,01/08/1977,2
Liverpool,01/08/1978,1
Liverpool,01/08/1979,1
Liverpool,01/08/1980,5
Liverpool,01/08/1981,1
Liverpool,01/08/1982,1
Liverpool,01/08/1983,1
Liverpool,01/08/1984,2
Liverpool,01/08/1985,1
Liverpool,01/08/1986,2
Liverpool,01/08/1987,1
Liverpool,01/08/1988,2
Liverpool,01/08/1989,1
Liverpool,01/08/1990,2
Liverpool,01/08/1991,6
Liverpool,01/08/1992,6
Liverpool,01/08/1993,8
Liverpool,01/08/1994,4
Liverpool,01/08/1995,3
Liverpool,01/08/1996,4
Liverpool,01/08/1997,3
Liverpool,01/08/1998,7
Liverpool,01/08/1999,4
Liverpool,01/08/2000,3
Liverpool,01/08/2001,2
Liverpool,01/08/2002,5
Liverpool,01/08/2003,4
Liverpool,01/08/2004,5
Liverpool,01/08/2005,3
Liverpool,01/08/2006,3
Liverpool,01/08/2007,4
Liverpool,01/08/2008,2
Liverpool,01/08/2009,7
Liverpool,01/08/2010,6
Liverpool,01/08/2011,8
Liverpool,01/08/2012,7
Liverpool,01/08/2013,2
Manchester City,01/08/1900,11
Manchester City,01/08/1901,18
Manchester City,01/08/1902,19
Manchester City,01/08/1903,2
Manchester City,01/08/1904,3
Manchester City,01/08/1905,5
Manchester City,01/08/1906,17
Manchester City,01/08/1907,3
Manchester City,01/08/1908,19
Manchester City,01/08/1909,21
Manchester City,01/08/1910,17
Manchester City,01/08/1911,15
Manchester City,01/08/1912,6
Manchester City,01/08/1913,13
Manchester City,01/08/1914,5
Manchester City,01/08/1915,5
Manchester City,01/08/1916,5
Manchester City,01/08/1917,5
Manchester City,01/08/1918,5
Manchester City,01/08/1919,7
Manchester City,01/08/1920,2
Manchester City,01/08/1921,10
Manchester City,01/08/1922,8
Manchester City,01/08/1923,11
Manchester City,01/08/1924,10
Manchester City,01/08/1925,21
Manchester City,01/08/1926,25
Manchester City,01/08/1927,23
Manchester City,01/08/1928,8
Manchester City,01/08/1929,3
Manchester City,01/08/1930,8
Manchester City,01/08/1931,14
Manchester City,01/08/1932,16
Manchester City,01/08/1933,5
Manchester City,01/08/1934,4
Manchester City,01/08/1935,9
Manchester City,01/08/1936,1
Manchester City,01/08/1937,21
Manchester City,01/08/1938,27
Manchester City,01/08/1939,27
Manchester City,01/08/1940,27
Manchester City,01/08/1941,27
Manchester City,01/08/1942,27
Manchester City,01/08/1943,27
Manchester City,01/08/1944,27
Manchester City,01/08/1945,27
Manchester City,01/08/1946,23
Manchester City,01/08/1947,10
Manchester City,01/08/1948,7
Manchester City,01/08/1949,21
Manchester City,01/08/1950,24
Manchester City,01/08/1951,15
Manchester City,01/08/1952,20
Manchester City,01/08/1953,17
Manchester City,01/08/1954,7
Manchester City,01/08/1955,4
Manchester City,01/08/1956,18
Manchester City,01/08/1957,5
Manchester City,01/08/1958,20
Manchester City,01/08/1959,16
Manchester City,01/08/1960,13
Manchester City,01/08/1961,12
Manchester City,01/08/1962,21
Manchester City,01/08/1963,28
Manchester City,01/08/1964,33
Manchester City,01/08/1965,23
Manchester City,01/08/1966,15
Manchester City,01/08/1967,1
Manchester City,01/08/1968,13
Manchester City,01/08/1969,10
Manchester City,01/08/1970,11
Manchester City,01/08/1971,4
Manchester City,01/08/1972,11
Manchester City,01/08/1973,14
Manchester City,01/08/1974,8
Manchester City,01/08/1975,8
Manchester City,01/08/1976,2
Manchester City,01/08/1977,4
Manchester City,01/08/1978,15
Manchester City,01/08/1979,17
Manchester City,01/08/1980,12
Manchester City,01/08/1981,10
Manchester City,01/08/1982,20
Manchester City,01/08/1983,26
Manchester City,01/08/1984,25
Manchester City,01/08/1985,15
Manchester City,01/08/1986,21
Manchester City,01/08/1987,30
Manchester City,01/08/1988,22
Manchester City,01/08/1989,14
Manchester City,01/08/1990,5
Manchester City,01/08/1991,5
Manchester City,01/08/1992,9
Manchester City,01/08/1993,16
Manchester City,01/08/1994,17
Manchester City,01/08/1995,18
Manchester City,01/08/1996,34
Manchester City,01/08/1997,42
Manchester City,01/08/1998,47
Manchester City,01/08/1999,22
Manchester City,01/08/2000,18
Manchester City,01/08/2001,21
Manchester City,01/08/2002,9
Manchester City,01/08/2003,16
Manchester City,01/08/2004,8
Manchester City,01/08/2005,15
Manchester City,01/08/2006,14
Manchester City,01/08/2007,9
Manchester City,01/08/2008,10
Manchester City,01/08/2009,5
Manchester City,01/08/2010,3
Manchester City,01/08/2011,1
Manchester City,01/08/2012,2
Manchester City,01/08/2013,1
Manchester United,01/08/1902,23
Manchester United,01/08/1903,21
Manchester United,01/08/1904,21
Manchester United,01/08/1905,22
Manchester United,01/08/1906,8
Manchester United,01/08/1907,1
Manchester United,01/08/1908,13
Manchester United,01/08/1909,5
Manchester United,01/08/1910,1
Manchester United,01/08/1911,13
Manchester United,01/08/1912,4
Manchester United,01/08/1913,14
Manchester United,01/08/1914,18
Manchester United,01/08/1915,18
Manchester United,01/08/1916,18
Manchester United,01/08/1917,18
Manchester United,01/08/1918,18
Manchester United,01/08/1919,12
Manchester United,01/08/1920,13
Manchester United,01/08/1921,22
Manchester United,01/08/1922,26
Manchester United,01/08/1923,36
Manchester United,01/08/1924,24
Manchester United,01/08/1925,9
Manchester United,01/08/1926,15
Manchester United,01/08/1927,18
Manchester United,01/08/1928,12
Manchester United,01/08/1929,17
Manchester United,01/08/1930,22
Manchester United,01/08/1931,34
Manchester United,01/08/1932,28
Manchester United,01/08/1933,42
Manchester United,01/08/1934,27
Manchester United,01/08/1935,23
Manchester United,01/08/1936,21
Manchester United,01/08/1937,24
Manchester United,01/08/1938,14
Manchester United,01/08/1939,14
Manchester United,01/08/1940,14
Manchester United,01/08/1941,14
Manchester United,01/08/1942,14
Manchester United,01/08/1943,14
Manchester United,01/08/1944,14
Manchester United,01/08/1945,14
Manchester United,01/08/1946,2
Manchester United,01/08/1947,2
Manchester United,01/08/1948,2
Manchester United,01/08/1949,4
Manchester United,01/08/1950,2
Manchester United,01/08/1951,1
Manchester United,01/08/1952,8
Manchester United,01/08/1953,4
Manchester United,01/08/1954,5
Manchester United,01/08/1955,1
Manchester United,01/08/1956,1
Manchester United,01/08/1957,9
Manchester United,01/08/1958,2
Manchester United,01/08/1959,7
Manchester United,01/08/1960,7
Manchester United,01/08/1961,15
Manchester United,01/08/1962,19
Manchester United,01/08/1963,2
Manchester United,01/08/1964,1
Manchester United,01/08/1965,4
Manchester United,01/08/1966,1
Manchester United,01/08/1967,2
Manchester United,01/08/1968,11
Manchester United,01/08/1969,8
Manchester United,01/08/1970,8
Manchester United,01/08/1971,8
Manchester United,01/08/1972,18
Manchester United,01/08/1973,21
Manchester United,01/08/1974,23
Manchester United,01/08/1975,3
Manchester United,01/08/1976,6
Manchester United,01/08/1977,10
Manchester United,01/08/1978,9
Manchester United,01/08/1979,2
Manchester United,01/08/1980,8
Manchester United,01/08/1981,3
Manchester United,01/08/1982,3
Manchester United,01/08/1983,4
Manchester United,01/08/1984,4
Manchester United,01/08/1985,4
Manchester United,01/08/1986,11
Manchester United,01/08/1987,2
Manchester United,01/08/1988,11
Manchester United,01/08/1989,13
Manchester United,01/08/1990,6
Manchester United,01/08/1991,2
Manchester United,01/08/1992,1
Manchester United,01/08/1993,1
Manchester United,01/08/1994,2
Manchester United,01/08/1995,1
Manchester United,01/08/1996,1
Manchester United,01/08/1997,2
Manchester United,01/08/1998,1
Manchester United,01/08/1999,1
Manchester United,01/08/2000,1
Manchester United,01/08/2001,3
Manchester United,01/08/2002,1
Manchester United,01/08/2003,3
Manchester United,01/08/2004,3
Manchester United,01/08/2005,2
Manchester United,01/08/2006,1
Manchester United,01/08/2007,1
Manchester United,01/08/2008,1
Manchester United,01/08/2009,2
Manchester United,01/08/2010,1
Manchester United,01/08/2011,2
Manchester United,01/08/2012,1
Manchester United,01/08/2013,7
Middlesbrough,01/08/1900,24
Middlesbrough,01/08/1901,20
Middlesbrough,01/08/1902,13
Middlesbrough,01/08/1903,10
Middlesbrough,01/08/1904,15
Middlesbrough,01/08/1905,18
Middlesbrough,01/08/1906,11
Middlesbrough,01/08/1907,6
Middlesbrough,01/08/1908,9
Middlesbrough,01/08/1909,17
Middlesbrough,01/08/1910,16
Middlesbrough,01/08/1911,7
Middlesbrough,01/08/1912,16
Middlesbrough,01/08/1913,3
Middlesbrough,01/08/1914,12
Middlesbrough,01/08/1915,12
Middlesbrough,01/08/1916,12
Middlesbrough,01/08/1917,12
Middlesbrough,01/08/1918,12
Middlesbrough,01/08/1919,13
Middlesbrough,01/08/1920,8
Middlesbrough,01/08/1921,8
Middlesbrough,01/08/1922,18
Middlesbrough,01/08/1923,22
Middlesbrough,01/08/1924,35
Middlesbrough,01/08/1925,32
Middlesbrough,01/08/1926,23
Middlesbrough,01/08/1927,22
Middlesbrough,01/08/1928,23
Middlesbrough,01/08/1929,16
Middlesbrough,01/08/1930,7
Middlesbrough,01/08/1931,18
Middlesbrough,01/08/1932,17
Middlesbrough,01/08/1933,16
Middlesbrough,01/08/1934,20
Middlesbrough,01/08/1935,14
Middlesbrough,01/08/1936,7
Middlesbrough,01/08/1937,5
Middlesbrough,01/08/1938,4
Middlesbrough,01/08/1939,4
Middlesbrough,01/08/1940,4
Middlesbrough,01/08/1941,4
Middlesbrough,01/08/1942,4
Middlesbrough,01/08/1943,4
Middlesbrough,01/08/1944,4
Middlesbrough,01/08/1945,4
Middlesbrough,01/08/1946,11
Middlesbrough,01/08/1947,16
Middlesbrough,01/08/1948,19
Middlesbrough,01/08/1949,9
Middlesbrough,01/08/1950,6
Middlesbrough,01/08/1951,18
Middlesbrough,01/08/1952,13
Middlesbrough,01/08/1953,21
Middlesbrough,01/08/1954,34
Middlesbrough,01/08/1955,36
Middlesbrough,01/08/1956,28
Middlesbrough,01/08/1957,29
Middlesbrough,01/08/1958,35
Middlesbrough,01/08/1959,27
Middlesbrough,01/08/1960,27
Middlesbrough,01/08/1961,34
Middlesbrough,01/08/1962,26
Middlesbrough,01/08/1963,32
Middlesbrough,01/08/1964,39
Middlesbrough,01/08/1965,43
Middlesbrough,01/08/1966,46
Middlesbrough,01/08/1967,28
Middlesbrough,01/08/1968,26
Middlesbrough,01/08/1969,26
Middlesbrough,01/08/1970,29
Middlesbrough,01/08/1971,31
Middlesbrough,01/08/1972,26
Middlesbrough,01/08/1973,23
Middlesbrough,01/08/1974,7
Middlesbrough,01/08/1975,13
Middlesbrough,01/08/1976,12
Middlesbrough,01/08/1977,14
Middlesbrough,01/08/1978,12
Middlesbrough,01/08/1979,9
Middlesbrough,01/08/1980,14
Middlesbrough,01/08/1981,22
Middlesbrough,01/08/1982,38
Middlesbrough,01/08/1983,39
Middlesbrough,01/08/1984,41
Middlesbrough,01/08/1985,43
Middlesbrough,01/08/1986,46
Middlesbrough,01/08/1987,24
Middlesbrough,01/08/1988,18
Middlesbrough,01/08/1989,41
Middlesbrough,01/08/1990,27
Middlesbrough,01/08/1991,24
Middlesbrough,01/08/1992,21
Middlesbrough,01/08/1993,31
Middlesbrough,01/08/1994,23
Middlesbrough,01/08/1995,12
Middlesbrough,01/08/1996,19
Middlesbrough,01/08/1997,22
Middlesbrough,01/08/1998,9
Middlesbrough,01/08/1999,12
Middlesbrough,01/08/2000,14
Middlesbrough,01/08/2001,12
Middlesbrough,01/08/2002,11
Middlesbrough,01/08/2003,11
Middlesbrough,01/08/2004,7
Middlesbrough,01/08/2005,14
Middlesbrough,01/08/2006,12
Middlesbrough,01/08/2007,13
Middlesbrough,01/08/2008,19
Middlesbrough,01/08/2009,31
Middlesbrough,01/08/2010,32
Middlesbrough,01/08/2011,27
Middlesbrough,01/08/2012,36
Middlesbrough,01/08/2013,32
Southampton,01/08/1920,46
Southampton,01/08/1921,65
Southampton,01/08/1922,33
Southampton,01/08/1923,27
Southampton,01/08/1924,29
Southampton,01/08/1925,36
Southampton,01/08/1926,35
Southampton,01/08/1927,39
Southampton,01/08/1928,26
Southampton,01/08/1929,29
Southampton,01/08/1930,31
Southampton,01/08/1931,36
Southampton,01/08/1932,34
Southampton,01/08/1933,36
Southampton,01/08/1934,41
Southampton,01/08/1935,39
Southampton,01/08/1936,41
Southampton,01/08/1937,37
Southampton,01/08/1938,40
Southampton,01/08/1939,40
Southampton,01/08/1940,40
Southampton,01/08/1941,40
Southampton,01/08/1942,40
Southampton,01/08/1943,40
Southampton,01/08/1944,40
Southampton,01/08/1945,40
Southampton,01/08/1946,36
Southampton,01/08/1947,25
Southampton,01/08/1948,25
Southampton,01/08/1949,26
Southampton,01/08/1950,34
Southampton,01/08/1951,35
Southampton,01/08/1952,43
Southampton,01/08/1953,74
Southampton,01/08/1954,71
Southampton,01/08/1955,82
Southampton,01/08/1956,72
Southampton,01/08/1957,74
Southampton,01/08/1958,58
Southampton,01/08/1959,45
Southampton,01/08/1960,30
Southampton,01/08/1961,28
Southampton,01/08/1962,33
Southampton,01/08/1963,27
Southampton,01/08/1964,26
Southampton,01/08/1965,24
Southampton,01/08/1966,19
Southampton,01/08/1967,16
Southampton,01/08/1968,7
Southampton,01/08/1969,19
Southampton,01/08/1970,7
Southampton,01/08/1971,19
Southampton,01/08/1972,13
Southampton,01/08/1973,20
Southampton,01/08/1974,35
Southampton,01/08/1975,28
Southampton,01/08/1976,31
Southampton,01/08/1977,24
Southampton,01/08/1978,14
Southampton,01/08/1979,8
Southampton,01/08/1980,6
Southampton,01/08/1981,7
Southampton,01/08/1982,12
Southampton,01/08/1983,2
Southampton,01/08/1984,5
Southampton,01/08/1985,14
Southampton,01/08/1986,12
Southampton,01/08/1987,12
Southampton,01/08/1988,13
Southampton,01/08/1989,7
Southampton,01/08/1990,14
Southampton,01/08/1991,16
Southampton,01/08/1992,18
Southampton,01/08/1993,18
Southampton,01/08/1994,10
Southampton,01/08/1995,17
Southampton,01/08/1996,16
Southampton,01/08/1997,12
Southampton,01/08/1998,17
Southampton,01/08/1999,15
Southampton,01/08/2000,10
Southampton,01/08/2001,11
Southampton,01/08/2002,8
Southampton,01/08/2003,12
Southampton,01/08/2004,20
Southampton,01/08/2005,32
Southampton,01/08/2006,26
Southampton,01/08/2007,40
Southampton,01/08/2008,43
Southampton,01/08/2009,51
Southampton,01/08/2010,46
Southampton,01/08/2011,22
Southampton,01/08/2012,14
Southampton,01/08/2013,8
Stoke City,01/08/1925,43
Stoke City,01/08/1926,45
Stoke City,01/08/1927,27
Stoke City,01/08/1928,28
Stoke City,01/08/1929,33
Stoke City,01/08/1930,33
Stoke City,01/08/1931,25
Stoke City,01/08/1932,23
Stoke City,01/08/1933,12
Stoke City,01/08/1934,10
Stoke City,01/08/1935,4
Stoke City,01/08/1936,10
Stoke City,01/08/1937,17
Stoke City,01/08/1938,7
Stoke City,01/08/1939,7
Stoke City,01/08/1940,7
Stoke City,01/08/1941,7
Stoke City,01/08/1942,7
Stoke City,01/08/1943,7
Stoke City,01/08/1944,7
Stoke City,01/08/1945,7
Stoke City,01/08/1946,4
Stoke City,01/08/1947,15
Stoke City,01/08/1948,11
Stoke City,01/08/1949,19
Stoke City,01/08/1950,13
Stoke City,01/08/1951,20
Stoke City,01/08/1952,21
Stoke City,01/08/1953,33
Stoke City,01/08/1954,27
Stoke City,01/08/1955,35
Stoke City,01/08/1956,27
Stoke City,01/08/1957,33
Stoke City,01/08/1958,27
Stoke City,01/08/1959,39
Stoke City,01/08/1960,40
Stoke City,01/08/1961,30
Stoke City,01/08/1962,23
Stoke City,01/08/1963,17
Stoke City,01/08/1964,11
Stoke City,01/08/1965,10
Stoke City,01/08/1966,12
Stoke City,01/08/1967,18
Stoke City,01/08/1968,19
Stoke City,01/08/1969,9
Stoke City,01/08/1970,13
Stoke City,01/08/1971,17
Stoke City,01/08/1972,15
Stoke City,01/08/1973,5
Stoke City,01/08/1974,5
Stoke City,01/08/1975,12
Stoke City,01/08/1976,21
Stoke City,01/08/1977,29
Stoke City,01/08/1978,25
Stoke City,01/08/1979,18
Stoke City,01/08/1980,11
Stoke City,01/08/1981,18
Stoke City,01/08/1982,13
Stoke City,01/08/1983,18
Stoke City,01/08/1984,22
Stoke City,01/08/1985,32
Stoke City,01/08/1986,30
Stoke City,01/08/1987,32
Stoke City,01/08/1988,33
Stoke City,01/08/1989,44
Stoke City,01/08/1990,58
Stoke City,01/08/1991,50
Stoke City,01/08/1992,47
Stoke City,01/08/1993,32
Stoke City,01/08/1994,33
Stoke City,01/08/1995,24
Stoke City,01/08/1996,32
Stoke City,01/08/1997,43
Stoke City,01/08/1998,52
Stoke City,01/08/1999,50
Stoke City,01/08/2000,49
Stoke City,01/08/2001,49
Stoke City,01/08/2002,41
Stoke City,01/08/2003,31
Stoke City,01/08/2004,32
Stoke City,01/08/2005,33
Stoke City,01/08/2006,28
Stoke City,01/08/2007,22
Stoke City,01/08/2008,12
Stoke City,01/08/2009,11
Stoke City,01/08/2010,13
Stoke City,01/08/2011,14
Stoke City,01/08/2012,13
Stoke City,01/08/2013,9
Sunderland,01/08/1900,2
Sunderland,01/08/1901,1
Sunderland,01/08/1902,3
Sunderland,01/08/1903,6
Sunderland,01/08/1904,5
Sunderland,01/08/1905,14
Sunderland,01/08/1906,10
Sunderland,01/08/1907,16
Sunderland,01/08/1908,3
Sunderland,01/08/1909,8
Sunderland,01/08/1910,3
Sunderland,01/08/1911,8
Sunderland,01/08/1912,1
Sunderland,01/08/1913,7
Sunderland,01/08/1914,8
Sunderland,01/08/1915,8
Sunderland,01/08/1916,8
Sunderland,01/08/1917,8
Sunderland,01/08/1918,8
Sunderland,01/08/1919,5
Sunderland,01/08/1920,12
Sunderland,01/08/1921,12
Sunderland,01/08/1922,2
Sunderland,01/08/1923,3
Sunderland,01/08/1924,7
Sunderland,01/08/1925,3
Sunderland,01/08/1926,3
Sunderland,01/08/1927,15
Sunderland,01/08/1928,4
Sunderland,01/08/1929,9
Sunderland,01/08/1930,11
Sunderland,01/08/1931,13
Sunderland,01/08/1932,12
Sunderland,01/08/1933,6
Sunderland,01/08/1934,2
Sunderland,01/08/1935,1
Sunderland,01/08/1936,8
Sunderland,01/08/1937,8
Sunderland,01/08/1938,16
Sunderland,01/08/1939,16
Sunderland,01/08/1940,16
Sunderland,01/08/1941,16
Sunderland,01/08/1942,16
Sunderland,01/08/1943,16
Sunderland,01/08/1944,16
Sunderland,01/08/1945,16
Sunderland,01/08/1946,9
Sunderland,01/08/1947,20
Sunderland,01/08/1948,8
Sunderland,01/08/1949,3
Sunderland,01/08/1950,12
Sunderland,01/08/1951,12
Sunderland,01/08/1952,9
Sunderland,01/08/1953,18
Sunderland,01/08/1954,4
Sunderland,01/08/1955,9
Sunderland,01/08/1956,20
Sunderland,01/08/1957,21
Sunderland,01/08/1958,37
Sunderland,01/08/1959,38
Sunderland,01/08/1960,28
Sunderland,01/08/1961,25
Sunderland,01/08/1962,25
Sunderland,01/08/1963,24
Sunderland,01/08/1964,15
Sunderland,01/08/1965,19
Sunderland,01/08/1966,17
Sunderland,01/08/1967,15
Sunderland,01/08/1968,17
Sunderland,01/08/1969,21
Sunderland,01/08/1970,35
Sunderland,01/08/1971,27
Sunderland,01/08/1972,28
Sunderland,01/08/1973,28
Sunderland,01/08/1974,26
Sunderland,01/08/1975,23
Sunderland,01/08/1976,20
Sunderland,01/08/1977,28
Sunderland,01/08/1978,26
Sunderland,01/08/1979,24
Sunderland,01/08/1980,17
Sunderland,01/08/1981,19
Sunderland,01/08/1982,16
Sunderland,01/08/1983,13
Sunderland,01/08/1984,21
Sunderland,01/08/1985,40
Sunderland,01/08/1986,42
Sunderland,01/08/1987,45
Sunderland,01/08/1988,31
Sunderland,01/08/1989,26
Sunderland,01/08/1990,19
Sunderland,01/08/1991,40
Sunderland,01/08/1992,43
Sunderland,01/08/1993,34
Sunderland,01/08/1994,42
Sunderland,01/08/1995,21
Sunderland,01/08/1996,18
Sunderland,01/08/1997,23
Sunderland,01/08/1998,21
Sunderland,01/08/1999,7
Sunderland,01/08/2000,7
Sunderland,01/08/2001,17
Sunderland,01/08/2002,20
Sunderland,01/08/2003,23
Sunderland,01/08/2004,21
Sunderland,01/08/2005,20
Sunderland,01/08/2006,21
Sunderland,01/08/2007,15
Sunderland,01/08/2008,16
Sunderland,01/08/2009,13
Sunderland,01/08/2010,10
Sunderland,01/08/2011,13
Sunderland,01/08/2012,17
Sunderland,01/08/2013,14
Swansea City,01/08/1969,71
Swansea City,01/08/1970,55
Swansea City,01/08/1971,58
Swansea City,01/08/1972,67
Swansea City,01/08/1973,82
Swansea City,01/08/1974,90
Swansea City,01/08/1975,79
Swansea City,01/08/1976,73
Swansea City,01/08/1977,71
Swansea City,01/08/1978,47
Swansea City,01/08/1979,34
Swansea City,01/08/1980,25
Swansea City,01/08/1981,6
Swansea City,01/08/1982,21
Swansea City,01/08/1983,43
Swansea City,01/08/1984,64
Swansea City,01/08/1985,68
Swansea City,01/08/1986,80
Swansea City,01/08/1987,74
Swansea City,01/08/1988,56
Swansea City,01/08/1989,61
Swansea City,01/08/1990,64
Swansea City,01/08/1991,65
Swansea City,01/08/1992,51
Swansea City,01/08/1993,59
Swansea City,01/08/1994,56
Swansea City,01/08/1995,66
Swansea City,01/08/1996,73
Swansea City,01/08/1997,88
Swansea City,01/08/1998,75
Swansea City,01/08/1999,69
Swansea City,01/08/2000,67
Swansea City,01/08/2001,88
Swansea City,01/08/2002,89
Swansea City,01/08/2003,78
Swansea City,01/08/2004,71
Swansea City,01/08/2005,50
Swansea City,01/08/2006,51
Swansea City,01/08/2007,45
Swansea City,01/08/2008,28
Swansea City,01/08/2009,27
Swansea City,01/08/2010,23
Swansea City,01/08/2011,11
Swansea City,01/08/2012,9
Swansea City,01/08/2013,12
Tottenham Hotspur,01/08/1908,22
Tottenham Hotspur,01/08/1909,15
Tottenham Hotspur,01/08/1910,15
Tottenham Hotspur,01/08/1911,12
Tottenham Hotspur,01/08/1912,17
Tottenham Hotspur,01/08/1913,17
Tottenham Hotspur,01/08/1914,20
Tottenham Hotspur,01/08/1915,20
Tottenham Hotspur,01/08/1916,20
Tottenham Hotspur,01/08/1917,20
Tottenham Hotspur,01/08/1918,20
Tottenham Hotspur,01/08/1919,23
Tottenham Hotspur,01/08/1920,6
Tottenham Hotspur,01/08/1921,2
Tottenham Hotspur,01/08/1922,12
Tottenham Hotspur,01/08/1923,15
Tottenham Hotspur,01/08/1924,12
Tottenham Hotspur,01/08/1925,15
Tottenham Hotspur,01/08/1926,13
Tottenham Hotspur,01/08/1927,21
Tottenham Hotspur,01/08/1928,32
Tottenham Hotspur,01/08/1929,34
Tottenham Hotspur,01/08/1930,25
Tottenham Hotspur,01/08/1931,30
Tottenham Hotspur,01/08/1932,24
Tottenham Hotspur,01/08/1933,3
Tottenham Hotspur,01/08/1934,22
Tottenham Hotspur,01/08/1935,27
Tottenham Hotspur,01/08/1936,32
Tottenham Hotspur,01/08/1937,27
Tottenham Hotspur,01/08/1938,30
Tottenham Hotspur,01/08/1939,30
Tottenham Hotspur,01/08/1940,30
Tottenham Hotspur,01/08/1941,30
Tottenham Hotspur,01/08/1942,30
Tottenham Hotspur,01/08/1943,30
Tottenham Hotspur,01/08/1944,30
Tottenham Hotspur,01/08/1945,30
Tottenham Hotspur,01/08/1946,28
Tottenham Hotspur,01/08/1947,30
Tottenham Hotspur,01/08/1948,27
Tottenham Hotspur,01/08/1949,23
Tottenham Hotspur,01/08/1950,1
Tottenham Hotspur,01/08/1951,2
Tottenham Hotspur,01/08/1952,10
Tottenham Hotspur,01/08/1953,16
Tottenham Hotspur,01/08/1954,16
Tottenham Hotspur,01/08/1955,18
Tottenham Hotspur,01/08/1956,2
Tottenham Hotspur,01/08/1957,3
Tottenham Hotspur,01/08/1958,18
Tottenham Hotspur,01/08/1959,3
Tottenham Hotspur,01/08/1960,1
Tottenham Hotspur,01/08/1961,3
Tottenham Hotspur,01/08/1962,2
Tottenham Hotspur,01/08/1963,4
Tottenham Hotspur,01/08/1964,6
Tottenham Hotspur,01/08/1965,8
Tottenham Hotspur,01/08/1966,3
Tottenham Hotspur,01/08/1967,7
Tottenham Hotspur,01/08/1968,6
Tottenham Hotspur,01/08/1969,11
Tottenham Hotspur,01/08/1970,3
Tottenham Hotspur,01/08/1971,6
Tottenham Hotspur,01/08/1972,8
Tottenham Hotspur,01/08/1973,11
Tottenham Hotspur,01/08/1974,19
Tottenham Hotspur,01/08/1975,9
Tottenham Hotspur,01/08/1976,22
Tottenham Hotspur,01/08/1977,25
Tottenham Hotspur,01/08/1978,11
Tottenham Hotspur,01/08/1979,14
Tottenham Hotspur,01/08/1980,10
Tottenham Hotspur,01/08/1981,4
Tottenham Hotspur,01/08/1982,4
Tottenham Hotspur,01/08/1983,8
Tottenham Hotspur,01/08/1984,3
Tottenham Hotspur,01/08/1985,10
Tottenham Hotspur,01/08/1986,3
Tottenham Hotspur,01/08/1987,13
Tottenham Hotspur,01/08/1988,6
Tottenham Hotspur,01/08/1989,3
Tottenham Hotspur,01/08/1990,10
Tottenham Hotspur,01/08/1991,15
Tottenham Hotspur,01/08/1992,8
Tottenham Hotspur,01/08/1993,15
Tottenham Hotspur,01/08/1994,7
Tottenham Hotspur,01/08/1995,8
Tottenham Hotspur,01/08/1996,10
Tottenham Hotspur,01/08/1997,14
Tottenham Hotspur,01/08/1998,11
Tottenham Hotspur,01/08/1999,10
Tottenham Hotspur,01/08/2000,12
Tottenham Hotspur,01/08/2001,9
Tottenham Hotspur,01/08/2002,10
Tottenham Hotspur,01/08/2003,14
Tottenham Hotspur,01/08/2004,9
Tottenham Hotspur,01/08/2005,5
Tottenham Hotspur,01/08/2006,5
Tottenham Hotspur,01/08/2007,11
Tottenham Hotspur,01/08/2008,8
Tottenham Hotspur,01/08/2009,4
Tottenham Hotspur,01/08/2010,5
Tottenham Hotspur,01/08/2011,4
Tottenham Hotspur,01/08/2012,5
Tottenham Hotspur,01/08/2013,6
Watford,01/08/1920,50
Watford,01/08/1921,71
Watford,01/08/1922,74
Watford,01/08/1923,86
Watford,01/08/1924,77
Watford,01/08/1925,81
Watford,01/08/1926,87
Watford,01/08/1927,81
Watford,01/08/1928,74
Watford,01/08/1929,81
Watford,01/08/1930,84
Watford,01/08/1931,76
Watford,01/08/1932,77
Watford,01/08/1933,81
Watford,01/08/1934,72
Watford,01/08/1935,71
Watford,01/08/1936,70
Watford,01/08/1937,70
Watford,01/08/1938,70
Watford,01/08/1939,70
Watford,01/08/1940,70
Watford,01/08/1941,70
Watford,01/08/1942,70
Watford,01/08/1943,70
Watford,01/08/1944,70
Watford,01/08/1945,70
Watford,01/08/1946,82
Watford,01/08/1947,81
Watford,01/08/1948,83
Watford,01/08/1949,72
Watford,01/08/1950,91
Watford,01/08/1951,89
Watford,01/08/1952,78
Watford,01/08/1953,72
Watford,01/08/1954,75
Watford,01/08/1955,89
Watford,01/08/1956,79
Watford,01/08/1957,84
Watford,01/08/1958,83
Watford,01/08/1959,72
Watford,01/08/1960,48
Watford,01/08/1961,61
Watford,01/08/1962,61
Watford,01/08/1963,47
Watford,01/08/1964,53
Watford,01/08/1965,56
Watford,01/08/1966,47
Watford,01/08/1967,50
Watford,01/08/1968,45
Watford,01/08/1969,41
Watford,01/08/1970,40
Watford,01/08/1971,44
Watford,01/08/1972,63
Watford,01/08/1973,51
Watford,01/08/1974,67
Watford,01/08/1975,76
Watford,01/08/1976,75
Watford,01/08/1977,69
Watford,01/08/1978,46
Watford,01/08/1979,40
Watford,01/08/1980,31
Watford,01/08/1981,24
Watford,01/08/1982,2
Watford,01/08/1983,11
Watford,01/08/1984,11
Watford,01/08/1985,12
Watford,01/08/1986,9
Watford,01/08/1987,20
Watford,01/08/1988,24
Watford,01/08/1989,35
Watford,01/08/1990,40
Watford,01/08/1991,32
Watford,01/08/1992,38
Watford,01/08/1993,41
Watford,01/08/1994,29
Watford,01/08/1995,43
Watford,01/08/1996,57
Watford,01/08/1997,45
Watford,01/08/1998,25
Watford,01/08/1999,20
Watford,01/08/2000,29
Watford,01/08/2001,34
Watford,01/08/2002,33
Watford,01/08/2003,36
Watford,01/08/2004,38
Watford,01/08/2005,23
Watford,01/08/2006,20
Watford,01/08/2007,26
Watford,01/08/2008,33
Watford,01/08/2009,36
Watford,01/08/2010,34
Watford,01/08/2011,31
Watford,01/08/2012,23
Watford,01/08/2013,33
West Bromwich Albion,01/08/1900,18
West Bromwich Albion,01/08/1901,19
West Bromwich Albion,01/08/1902,7
West Bromwich Albion,01/08/1903,18
West Bromwich Albion,01/08/1904,28
West Bromwich Albion,01/08/1905,24
West Bromwich Albion,01/08/1906,24
West Bromwich Albion,01/08/1907,25
West Bromwich Albion,01/08/1908,23
West Bromwich Albion,01/08/1909,31
West Bromwich Albion,01/08/1910,21
West Bromwich Albion,01/08/1911,9
West Bromwich Albion,01/08/1912,10
West Bromwich Albion,01/08/1913,5
West Bromwich Albion,01/08/1914,10
West Bromwich Albion,01/08/1915,10
West Bromwich Albion,01/08/1916,10
West Bromwich Albion,01/08/1917,10
West Bromwich Albion,01/08/1918,10
West Bromwich Albion,01/08/1919,1
West Bromwich Albion,01/08/1920,14
West Bromwich Albion,01/08/1921,13
West Bromwich Albion,01/08/1922,7
West Bromwich Albion,01/08/1923,16
West Bromwich Albion,01/08/1924,2
West Bromwich Albion,01/08/1925,13
West Bromwich Albion,01/08/1926,22
West Bromwich Albion,01/08/1927,30
West Bromwich Albion,01/08/1928,29
West Bromwich Albion,01/08/1929,28
West Bromwich Albion,01/08/1930,24
West Bromwich Albion,01/08/1931,6
West Bromwich Albion,01/08/1932,4
West Bromwich Albion,01/08/1933,7
West Bromwich Albion,01/08/1934,9
West Bromwich Albion,01/08/1935,18
West Bromwich Albion,01/08/1936,16
West Bromwich Albion,01/08/1937,22
West Bromwich Albion,01/08/1938,32
West Bromwich Albion,01/08/1939,32
West Bromwich Albion,01/08/1940,32
West Bromwich Albion,01/08/1941,32
West Bromwich Albion,01/08/1942,32
West Bromwich Albion,01/08/1943,32
West Bromwich Albion,01/08/1944,32
West Bromwich Albion,01/08/1945,32
West Bromwich Albion,01/08/1946,29
West Bromwich Albion,01/08/1947,29
West Bromwich Albion,01/08/1948,24
West Bromwich Albion,01/08/1949,14
West Bromwich Albion,01/08/1950,16
West Bromwich Albion,01/08/1951,13
West Bromwich Albion,01/08/1952,4
West Bromwich Albion,01/08/1953,2
West Bromwich Albion,01/08/1954,17
West Bromwich Albion,01/08/1955,13
West Bromwich Albion,01/08/1956,11
West Bromwich Albion,01/08/1957,4
West Bromwich Albion,01/08/1958,5
West Bromwich Albion,01/08/1959,4
West Bromwich Albion,01/08/1960,10
West Bromwich Albion,01/08/1961,9
West Bromwich Albion,01/08/1962,14
West Bromwich Albion,01/08/1963,10
West Bromwich Albion,01/08/1964,14
West Bromwich Albion,01/08/1965,6
West Bromwich Albion,01/08/1966,13
West Bromwich Albion,01/08/1967,8
West Bromwich Albion,01/08/1968,10
West Bromwich Albion,01/08/1969,16
West Bromwich Albion,01/08/1970,17
West Bromwich Albion,01/08/1971,16
West Bromwich Albion,01/08/1972,22
West Bromwich Albion,01/08/1973,30
West Bromwich Albion,01/08/1974,28
West Bromwich Albion,01/08/1975,25
West Bromwich Albion,01/08/1976,7
West Bromwich Albion,01/08/1977,6
West Bromwich Albion,01/08/1978,3
West Bromwich Albion,01/08/1979,10
West Bromwich Albion,01/08/1980,4
West Bromwich Albion,01/08/1981,17
West Bromwich Albion,01/08/1982,11
West Bromwich Albion,01/08/1983,17
West Bromwich Albion,01/08/1984,12
West Bromwich Albion,01/08/1985,22
West Bromwich Albion,01/08/1986,37
West Bromwich Albion,01/08/1987,41
West Bromwich Albion,01/08/1988,29
West Bromwich Albion,01/08/1989,40
West Bromwich Albion,01/08/1990,43
West Bromwich Albion,01/08/1991,53
West Bromwich Albion,01/08/1992,50
West Bromwich Albion,01/08/1993,43
West Bromwich Albion,01/08/1994,41
West Bromwich Albion,01/08/1995,31
West Bromwich Albion,01/08/1996,36
West Bromwich Albion,01/08/1997,30
West Bromwich Albion,01/08/1998,32
West Bromwich Albion,01/08/1999,41
West Bromwich Albion,01/08/2000,26
West Bromwich Albion,01/08/2001,22
West Bromwich Albion,01/08/2002,19
West Bromwich Albion,01/08/2003,22
West Bromwich Albion,01/08/2004,17
West Bromwich Albion,01/08/2005,19
West Bromwich Albion,01/08/2006,24
West Bromwich Albion,01/08/2007,21
West Bromwich Albion,01/08/2008,20
West Bromwich Albion,01/08/2009,22
West Bromwich Albion,01/08/2010,11
West Bromwich Albion,01/08/2011,10
West Bromwich Albion,01/08/2012,8
West Bromwich Albion,01/08/2013,17
West Ham United,01/08/1919,29
West Ham United,01/08/1920,27
West Ham United,01/08/1921,26
West Ham United,01/08/1922,24
West Ham United,01/08/1923,13
West Ham United,01/08/1924,13
West Ham United,01/08/1925,18
West Ham United,01/08/1926,6
West Ham United,01/08/1927,17
West Ham United,01/08/1928,17
West Ham United,01/08/1929,7
West Ham United,01/08/1930,18
West Ham United,01/08/1931,22
West Ham United,01/08/1932,42
West Ham United,01/08/1933,29
West Ham United,01/08/1934,25
West Ham United,01/08/1935,26
West Ham United,01/08/1936,28
West Ham United,01/08/1937,31
West Ham United,01/08/1938,33
West Ham United,01/08/1939,33
West Ham United,01/08/1940,33
West Ham United,01/08/1941,33
West Ham United,01/08/1942,33
West Ham United,01/08/1943,33
West Ham United,01/08/1944,33
West Ham United,01/08/1945,33
West Ham United,01/08/1946,34
West Ham United,01/08/1947,28
West Ham United,01/08/1948,29
West Ham United,01/08/1949,41
West Ham United,01/08/1950,35
West Ham United,01/08/1951,34
West Ham United,01/08/1952,36
West Ham United,01/08/1953,35
West Ham United,01/08/1954,30
West Ham United,01/08/1955,38
West Ham United,01/08/1956,30
West Ham United,01/08/1957,23
West Ham United,01/08/1958,6
West Ham United,01/08/1959,14
West Ham United,01/08/1960,16
West Ham United,01/08/1961,8
West Ham United,01/08/1962,12
West Ham United,01/08/1963,14
West Ham United,01/08/1964,9
West Ham United,01/08/1965,12
West Ham United,01/08/1966,16
West Ham United,01/08/1967,12
West Ham United,01/08/1968,8
West Ham United,01/08/1969,17
West Ham United,01/08/1970,20
West Ham United,01/08/1971,14
West Ham United,01/08/1972,6
West Ham United,01/08/1973,18
West Ham United,01/08/1974,13
West Ham United,01/08/1975,18
West Ham United,01/08/1976,17
West Ham United,01/08/1977,20
West Ham United,01/08/1978,27
West Ham United,01/08/1979,29
West Ham United,01/08/1980,23
West Ham United,01/08/1981,9
West Ham United,01/08/1982,8
West Ham United,01/08/1983,9
West Ham United,01/08/1984,16
West Ham United,01/08/1985,3
West Ham United,01/08/1986,15
West Ham United,01/08/1987,16
West Ham United,01/08/1988,19
West Ham United,01/08/1989,27
West Ham United,01/08/1990,22
West Ham United,01/08/1991,22
West Ham United,01/08/1992,24
West Ham United,01/08/1993,13
West Ham United,01/08/1994,14
West Ham United,01/08/1995,10
West Ham United,01/08/1996,14
West Ham United,01/08/1997,8
West Ham United,01/08/1998,5
West Ham United,01/08/1999,9
West Ham United,01/08/2000,15
West Ham United,01/08/2001,7
West Ham United,01/08/2002,18
West Ham United,01/08/2003,24
West Ham United,01/08/2004,26
West Ham United,01/08/2005,9
West Ham United,01/08/2006,15
West Ham United,01/08/2007,10
West Ham United,01/08/2008,9
West Ham United,01/08/2009,17
West Ham United,01/08/2010,20
West Ham United,01/08/2011,23
West Ham United,01/08/2012,10
West Ham United,01/08/2013,13
